route_id,agency_id,agency_1,agency_2,agency_3,route_short_name,route_long_name,route_desc,vehicule_type,version,is_active,origin_trip_0,destination_trip_0,distance,emissions,classes,countries,source,source_interrail,picture,emissions_relation
24,ATC,ATC,,,IR 11501 = IR 11500,,IR 11501: București Nord - Videle - Roșiori Nord - Caracal - Craiova - Caransebeș - Lugoj - Timişoara Nord - Arad // IR 11500: Arad - Timişoara Nord - Lugoj - Caransebeș - Craiova - Caracal - Roșiori Nord - Videle - București Nord,2,,Y,București,Arad,604.0,14.0,"seat, couchette, sleeper",RO,https://www.astratranscarpatic.ro/,,,
133,BDŽ,BDŽ,,,2626 = 2627,,2626: Varna - Beloslav - Poveljanovo - Sindel - Dobrina - Provadiya - Kaspichan - Shumen - Targovishte - Popovo - Strazhitsa - Gorna Oryahovitsa - Zverino - Svoge - Kurilo - Sofia Sever - Sofia // 2627: Sofia - Sofia Sever - Rebrovo - Svoge - Cerovo - Bov - Lakatnik - Zverino - Mezdra - Roman - Cherven Bryag - Pleven - Targovishte - Shumen - Kaspichan - Provadiya - Dobrina - Sindel - Poveljanovo - Beloslav - Varna,2,,Y,Varna,Sofia,533.0,11.4,"seat, sleeper",BG,https://razpisanie.bdz.bg/en,,,2026-03-16 01:18:00
142,BDŽ,BDŽ,,,2636 = 2637,,2636: Dobrich - Donchevo - Botevo - Oborishte - General Kiselovo - Valchi Dol - Suvorovo - Chernevo - Kipra - Devnya - Poveljanovo - Zverino - Svoge - Kurilo - Sofia Sever - Sofia // 2637: Sofia - Sofia Sever - Rebrovo - Svoge - Cerovo - Bov - Lakatnik - Zverino - Mezdra - Roman - Cherven Bryag - Pleven - Poveljanovo - Devnya - Kipra - Chernevo - Suvorovo - Valchi Dol - General Kiselovo - Oborishte - Botevo - Donchevo - Dobrich,2,,Y,Dobrich,Sofia,572.0,12.1,sleeper,BG,https://razpisanie.bdz.bg/en,,,
132,BDŽ,BDŽ,,,3636 = 3637,,3636: Varna - Beloslav - Sindel - Dalgopol - Komunari - Karnobat - Straldzha - Jambol - Nova Zagora - Stara Zagora - Dimitrovgrad - Krumovo - Plovdiv - Todor Kableshkov - Stambolijski - Pazardzhik - Septemvri - Belovo - Ihtiman - Vakarel - Elin Pelin - Kazichene - Iskar - Sofia // 3637: Sofia - Poduiane - Iskar - Kazichene - Zlatica - Pirdop - Klisura - Karlovo - Straldzha - Karnobat - Asparuhovo - Komunari - Dalgopol - Sindel - Poveljanovo - Beloslav - Varna,2,,Y,Varna,Sofia,513.0,11.0,"seat, sleeper",BG,https://razpisanie.bdz.bg/en,,,2026-03-16 01:18:00
139,BDŽ,BDŽ,,,3686 = 3687,,3686: Burgas - Sliven - Sofia // 3687: Sofia - Pirdop - Sliven - Burgas,2,,Y,Burgas,Sofia,425.0,9.0,"seat, sleeper",BG,https://razpisanie.bdz.bg/en,,,
134,BDŽ,BDŽ,,,8626 = 8627,,8626: Burgas - Vladimir Pavlov - Aytos - Karnobat - Straldzha - Zimnitsa - Jambol - Nova Zagora - Stara Zagora - Elin Pelin - Kazichene - Iskar - Poduiane Patnicheska - Sofia // 8627: Sofia - Poduiane Patnicheska - Iskar - Kazichene - Elin Pelin - Ihtiman - Kostenets - Belovo - Septemvri - Pazardzhik - Stambolijski - Plovdiv - Nova Zagora - Jambol - Straldzha - Karnobat - Aytos - Vladimir Pavlov - Burgas,2,,Y,Burgas,Sofia,444.0,9.1,"seat, sleeper",BG,https://razpisanie.bdz.bg/en,,,2026-03-16 01:19:00
131,BDŽ,BDŽ,,,8656 = 8657,,8656: Varna - Beloslav - Sindel - Dalgopol - Komunari - Dimitrovgrad - Jabalkovo - Parvomai - Popovitsa - Cheshnegirovo - Sadov - Katunitsa - Krumovo - Plovdiv - Proslav - Todor Kableshkov - Kadievo - Stambolijski - Pazardzhik - Septemvri - Belovo - Kostenets - Ihtiman - Sofia // 8657: Sofia - Poduiane - Iskar - Kazichene - Vakarel - Ihtiman - Kostenets - Belovo - Septemvri - Pazardzhik - Stambolijski - Plovdiv - Krumovo - Parvomai - Dimitrovgrad - Komunari - Dalgopol - Sindel - Beloslav - Varna,2,,Y,Varna,Sofia,539.0,11.0,"seat, sleeper",BG,https://razpisanie.bdz.bg/en,,,2026-03-16 01:19:00
135,BDŽ,BDŽ,,,9646 = 9647,,9646: Silistra - Alfatar - Dulovo - Todorovo - Isperih - Samuil - Razgrad - Senovo - Vetovo - Yastrebovo - Ruse Razpredelitel - Ruse - Ivanovo - Dve Mogili - Borovo - Byala - Polski Trambesh - Petko Karavelovo - Gorna Oryahovitsa - Zverino - Lakatnik - Svoge - Kurilo - Sofia // 9647: Sofia - Sofia Sever - Kumarica - Kurilo - Romcha - Vlado Trickov - Lukovo - Rebrovo - Tompsan - Svoge - Gelen - Cerovo - Bov - Lakatnik - Zverino - Mezdra - Roman - Cherven Bryag - Telish - Dolni Dabnik - Pleven - Levski - Pavlikeni - Silistra,2,,Y,Silistra,Sofia,605.0,12.4,couchette,BG,https://razpisanie.bdz.bg/en,,,2026-03-16 01:19:00
120,ČD,ČD,,,EC 458 = EN 40459,Canopus,EC 458: Praha hl.n. - Ústí nad Labem hl.n. - Dresden Hbf - Riesa - Freiburg (Breisgau) Hbf - Basel SBB - Zürich HB // EN 40459: Zürich HB - Basel SBB - Basel Bad Bf - Freiburg (Breisgau) Hbf - Offenburg - Karlsruhe Hbf - Mannheim Hbf - Frankfurt (Main) Süd - Leipzig Hbf - Riesa - Dresden Neustadt - Dresden Hbf - Bad Schandau - Děčín hl.n. - Ústí nad Labem hl.n. - Praha-Holešovice - Praha hl.n.,2,,Y,Praha,Zürich,915.0,18.8,sleeper,"CH, DE, CZ",https://www.cd.cz/en/spojeni-a-jizdenka/,,,2026-03-16 01:19:00
4,ČD,ČD,,,EN 40476 = EN 40457,Metropol,EN 40476: Budapest-Nyugati - Vac - Štúrovo - Nové Zámky - Bratislava hl.st. - Kúty - Břeclav - Brno hl.n. - Pardubice hl.n. - Praha hl.n. - Praha-Holešovice - Ústí nad Labem hl.n. - Děčín hl.n. - Bad Schandau - Dresden Hbf - Dresden Neustadt - Berlin Südkreuz - Berlin Hbf // EN 40457: Praha hl.n. - Pardubice hl.n. - Brno hl.n. - Břeclav - Bratislava hl.st. - Nové Zámky - Vac - Budapest Nyugati,2,,Y,,Berlin,608.0,10.5,sleeper,"HU, CZ",https://www.cd.cz/en/spojeni-a-jizdenka/,,,2026-03-16 01:23:00
61,CFR/MÁV,CFR,MÁV,,IRN / IC 78 = IRN / IC 79,Muntenia,IRN / IC 78: București Nord - Craiova - Timişoara Nord - Arad - Curtici - Lőkösháza - Szolnok - Budapest Keleti // IRN / IC 79: Budapest Keleti - Szolnok - Lőkösháza - Curtici - Arad - Timişoara Nord - Craiova - București Nord,2,,Y,București,Budapest,858.0,18.2,"seat, couchette","HU, RO",https://bileteinternationale.cfrcalatori.ro/en/,,,2026-03-16 01:18:00
67,CFR/MÁV,CFR,MÁV,,IC 406 = IC 407,Corona,IC 406: Brașov - Miercurea Ciuc - Gheorgheni - Deda - Beclean pe Somes - Debrecen - Szolnok - Budapest Keleti // IC 407: Budapest Keleti - Szolnok - Debrecen - Carei - Deda - Gheorgheni - Miercurea Ciuc - Brașov,2,,Y,Brașov,Budapest,803.0,13.1,"seat, couchette, sleeper","HU, RO",https://jegy.mav.hu/,,,
59,CFR/MÁV/ÖBB,CFR,MÁV,ÖBB,D 346 = D 347,Dacia,D 346: București Nord - Ploiești Vest - Brașov - Sighișoara - Oradea - Budapest Keleti - Budapest Ferencváros - Budapest Kelenföld - Győr - Wien Hbf // D 347: Wien Hbf - Győr - Budapest Kelenföld - Budapest Keleti - Arad - Alba Iulia - Sighișoara - Brașov - Ploiești Vest - București Nord,2,,Y,București,Wien,1157.0,24.7,"seat, couchette, sleeper","AT, HU, RO",https://bileteinternationale.cfrcalatori.ro/en/,,,2026-03-16 01:18:00
12,CFR,CFR,,,IC 472 = IC 473,Ister,IC 472: București Nord - Ploiești Vest - Brașov - Sibiu - Arad - Curtici - Szolnok - Budapest Keleti // IC 473: Budapest-Keleti - Szolnok - Mezőtúr - Gyoma - Csárdaszállás - Mezőberény - Murony - Békéscsaba - Kétegyháza - Lőkösháza - Curtici - Arad - Sebeș Alba - Sibiu - Făgăraș - Codlea - Brașov - Predeal - Azuga - Bușteni - Sinaia - Câmpina - Ploiești Vest - București Nord,2,,Y,București,Budapest,870.0,21.5,"seat, couchette, sleeper","HU, RO",https://bileteinternationale.cfrcalatori.ro/en/,,,2026-03-16 01:16:00
251,CFR,CFR,,,R 4116 = 1641/R 4112,,R 4116: Sighetu Marmației - Vișeu de Jos - Beclean pe Somes - Gheorgheni - Câmpina - Ploiești Vest - București Nord // 1641/R 4112: București Nord - Ploiești Vest - Câmpina - Brașov - Miercurea Ciuc - Beclean pe Somes - Vișeu de Jos - Sighetu Marmației,2,,Y,Sighetu Marmației,București,606.0,15.5,couchette,RO,https://www.cfrcalatori.ro/en/,,,2026-03-16 01:15:00
20,CFR,CFR,,,1641 (SM) = 1642 (SM),,1641 (SM): București Nord - Ploiești Vest - Câmpina - Brașov - Miercurea Ciuc - Beclean pe Somes - Baia Mare - Satu Mare // 1642 (SM): Satu Mare - Baia Mare - Beclean pe Somes - Miercurea Ciuc - Brașov - Câmpina - Ploiești Vest - București Nord,2,,Y,București,Satu Mare,758.0,14.8,"seat, couchette, sleeper",RO,https://www.cfrcalatori.ro/en/,,,
249,CFR,CFR,,,R-E 4007/1642 = 1641/R-E 4008,,R-E 4007/1642: Bistrița Nord - Sărățel - Gheorgheni - Brașov - Câmpina - Ploiești Vest - București Nord // 1641/R-E 4008: București Nord - Ploiești Vest - Brașov - Gheorgheni - Sărățel - Bistrița Nord,2,,Y,Bistrița,București,451.0,9.9,"seat, couchette",RO,https://www.cfrcalatori.ro/,,,
250,CFR,CFR,,,1641 (CN) = 1642 (CN),,1641 (CN): București Nord - Ploiești Vest - Brașov - Sighișoara - Cluj-Napoca // 1642 (CN): Cluj-Napoca - Sighișoara - Brașov - Câmpina - Ploiești Vest - București Nord,2,,Y,București,Cluj-Napoca,493.0,10.3,"seat, couchette",RO,https://www.cfrcalatori.ro/,,,
19,CFR,CFR,,,1653 = 1654,,1653: București Nord - Ploiești Sud - Suceava - Câmpulung Moldovenesc - Vatra Dornei - Vatra Dornei Băi // 1654: Vatra Dornei Băi - Vatra Dornei - Câmpulung Moldovenesc - Suceava - Ploiești Sud - București Nord,2,,Y,București,Vatra Dornei,606.0,13.0,"seat, couchette, sleeper",RO,https://www.cfrcalatori.ro/,,,
23,CFR,CFR,,,1667 = 1668,,1667: București Nord - Ploiești Sud - Buzău - Iași // 1668: Iași - Vaslui - Bârlad - București Nord,2,,Y,București,Iași,405.0,9.8,"seat, couchette, sleeper",RO,https://www.cfrcalatori.ro/,,,
14,CFR,CFR,,,78/1743 = 1744/79,,78/1743: București Nord - Craiova - Timişoara Nord - Arad - Oradea // 1744/79: Oradea - Arad - Timişoara Nord - Craiova - București Nord,2,,Y,București,Oradea,711.0,17.1,"seat, sleeper",RO,https://www.cfrcalatori.ro/,,,
15,CFR,CFR,,,1763 = 1765,,1763: Iași - Suceava - Câmpulung Moldovenesc - Vatra Dornei - Beclean pe Somes - Dej - Cluj-Napoca - Deva - Arad - Timişoara Nord // 1765: Timişoara Nord - Arad - Deva - Alba Iulia - Cluj-Napoca - Dej - Beclean pe Somes - Câmpulung Moldovenesc - Suceava - Iași,2,,Y,Iași,Timişoara,849.0,18.0,"seat, couchette, sleeper",RO,https://www.cfrcalatori.ro/,,,
21,CFR,CFR,,,1821 = 1822,,1821: București Nord - Craiova - Petroșani - Deva - Arad // 1822: Arad - Deva - Petroșani - Craiova - București Nord,2,,Y,București,Arad,604.0,14.0,"seat, couchette, sleeper",RO,https://www.cfrcalatori.ro/,,,
11,CFR,CFR,,,1837 = 1838,,1837: Iași - Suceava - Câmpulung Moldovenesc - Cluj-Napoca // 1838: Cluj-Napoca - Dej - Beclean pe Somes - Vatra Dornei - Iași,2,,Y,Iași,Cluj-Napoca,459.0,9.5,"seat, couchette",RO,https://www.cfrcalatori.ro/,,,
26,CFR,CFR,,,1920 = 1922,,1920: Constanța - Medgidia - Fetești - București Nord - Videle - Roșiori Nord - Caracal - Craiova - Petroșani - Subcetate - Simeria - Deva - Ilia - Arad - Chișineu-Criș - Oradea // 1922: Oradea - Chișineu-Criș - Arad - Ilia - Deva - Simeria - Subcetate - Petroșani - Târgu Jiu - Craiova - Caracal - Roșiori Nord - Videle - București Nord - Fetești - Medgidia - Constanța,2,,Y,Constanța,Oradea,991.0,,"seat, couchette, sleeper",RO,https://www.cfrcalatori.ro/,,,
25,CFR,CFR,,,1941 = 1942/R 8810,,1941: Satu Mare - Baia Mare - Dej - Beclean pe Somes - Deda - Gheorgheni - Miercurea Ciuc - Brașov - Constanța - Mangalia // 1942/R 8810: Mangalia - Constanța - Bucuresti Baneasa - Ploiești Vest - Brașov - Miercurea Ciuc - Gheorgheni - Dej - Baia Mare - Satu Mare,2,,Y,Satu Mare,Mangalia,974.0,,"seat, couchette, sleeper",RO,https://www.cfrcalatori.ro/,,,
13,CFR,CFR,,,1952 = 1954,,1952: Suceava Nord - Suceava - Bacău - Buzău - Constanța // 1954: Constanța - Fetești - Buzău - Bacău - Suceava - Suceava Nord,2,,Y,Suceava,Constanța,526.0,12.7,"seat, couchette",RO,https://www.cfrcalatori.ro/,,,
22,CFM/CFR,CFM,CFR,,401 = 402,Prietenia,401: Chişinău - Ungheni - Ungheni Prut - Nicolina - Iași - Târgu Frumos - Roman - Buzău - Mizil - Ploiești Sud - București Nord // 402: București Nord - Ploiești Sud - Mizil - Buzău - Râmnicu Sărat - Focșani - Mărășești - Adjud - Bacău - Roman - Târgu Frumos - Ungheni - Chişinău,2,,Y,Chişinău,București,584.0,13.5,"seat, couchette, sleeper","RO, MD",https://bileteinternationale.cfrcalatori.ro/en/,,,
39,CS,CS,,,1001 (A) = 1002 (A),Highlander,1001 (A): London Euston - Birmingham International  - Crewe - Preston - Dundee - Aberdeen // 1002 (A): Aberdeen - Dundee - Preston - Crewe - Birmingham International  - London Euston,2,,Y,London,Aberdeen,877.0,18.1,"seat, sleeper",GB,https://www.sleeper.scot/,,https://back-on-track.eu/wp-content/uploads/2025/03/800_CC-BY_back-on-track_eu_CS_Highlands.jpeg,
40,CS,CS,,,1001 (FW) = 1002 (FW),Highlander,1001 (FW): London Euston - Birmingham International  - Crewe - Preston - Crianlarich - Fort William / An Gearasdan // 1002 (FW): Fort William / An Gearasdan - Crianlarich - Preston - Crewe - Birmingham International  - London Euston,2,,Y,London,Fort William,839.0,18.8,"seat, sleeper",GB,https://www.sleeper.scot/,,https://back-on-track.eu/wp-content/uploads/2025/03/800_CC-BY_back-on-track_eu_CS_Highlands.jpeg,
41,CS,CS,,,1001 (I) = 1002 (I),Highlander,1001 (I): London Euston - Birmingham International  - Crewe - Preston - Stirling - Perth / Peairt - Aviemore - Inverness / Inbhir Nis // 1002 (I): Inverness / Inbhir Nis - Aviemore - Perth / Peairt - Stirling - Preston - Crewe - Birmingham International  - London Euston,2,,Y,London,Inverness,914.0,18.9,"seat, sleeper",GB,https://www.sleeper.scot/,,https://back-on-track.eu/wp-content/uploads/2025/03/800_CC-BY_back-on-track_eu_CS_Highlands.jpeg,
38,CS,CS,,,1003 (E) = 1004 (E),Lowlander,1003 (E): London Euston - Watford Junction - Carlisle - Edinburgh Waverley // 1004 (E): Edinburgh Waverley - Carlisle - Watford Junction - London Euston,2,,Y,London,Edinburgh,644.0,14.7,"seat, sleeper",GB,https://www.sleeper.scot/,,https://back-on-track.eu/wp-content/uploads/2025/03/800_CC-BY_back-on-track_eu_CS_Lowland.jpeg,
37,CS,CS,,,1003 (G) = 1004 (G),Lowlander,1003 (G): London Euston - Watford Junction - Carlisle - Motherwell - Glasgow Central // 1004 (G): Glasgow Central - Motherwell - Carlisle - Watford Junction - London Euston,2,,Y,London,Glasgow,645.0,14.6,"seat, sleeper",GB,https://www.sleeper.scot/,,https://back-on-track.eu/wp-content/uploads/2025/03/800_CC-BY_back-on-track_eu_CS_Lowland.jpeg,
237,ES,ES,,,452 = 453,,452: Praha hl.n. - Ústí nad Labem hl.n. - Děčín hl.n. - Bad Schandau - Dresden Hbf - Dresden Neustadt - Berlin Hbf - Deventer - Amersfoort Centraal - Amsterdam Centraal - Rotterdam Centraal - Antwerpen Centraal / Anvers Central - Bruxelles Midi / Brussel Zuid // 453: Bruxelles Midi / Brussel Zuid - Antwerpen Centraal / Anvers Central - Rotterdam Centraal - Den Haag - Schipol Airport - Amsterdam Centraal - Amersfoort Centraal - Deventer - Berlin Hbf - Dresden Neustadt - Dresden Hbf - Bad Schandau - Děčín hl.n. - Ústí nad Labem hl.n. - Praha hl.n.,2,,Y,Praha,Bruxelles / Brussel,852.0,16.2,"seat, couchette, sleeper","CZ, DE, NL, BE",https://www.europeansleeper.eu/,,https://back-on-track.eu/wp-content/uploads/2025/03/800_CC-BY_back-on-track_eu_ES.jpeg,
238,ES,ES,,,496 = 497,,496: Paris Gare du Nord - Bruxelles Midi / Brussel Zuid - Berlin Hbf // 497: Berlin Hbf - Bruxelles Midi / Brussel Zuid - Paris Gare du Nord,2,,Y,Paris,Berlin,1120.0,16.2,"seat, couchette, sleeper","DE, BE, FR",https://www.europeansleeper.eu/,,https://back-on-track.eu/wp-content/uploads/2025/03/800_CC-BY_back-on-track_eu_ES.jpeg,
239,ES,ES,,,454 = 455,,454: Amsterdam Centraal - Utrecht Centraal - Arnhem Centraal - Duisburg Hbf - Düsseldorf Hbf - Köln Süd - Basel SBB - Bern - Brig - Stresa - Milano Centrale // 455: Milano Centrale - Stresa - Brig - Bern - Basel SBB - Köln Süd - Düsseldorf Hbf - Duisburg Hbf - Arnhem Centraal - Utrecht Centraal - Amsterdam Centraal,2,,Y,Amsterdam,Milano,1144.0,16.2,"seat, couchette, sleeper","NL, DE, CH, IT",https://www.europeansleeper.eu/,,https://back-on-track.eu/wp-content/uploads/2025/03/800_CC-BY_back-on-track_eu_ES.jpeg,
240,ES,ES,,,456 = 457,,456: Bruxelles Midi / Brussel Zuid - Liège Guillemins / Luik Guillemins - Aachen Hbf - Köln Süd - Zürich HB - Arth-Goldau - Göschenen - Bellinzona - Lugano - Chiasso - Como San Giovanni - Milano Porta Garibaldi // 457: Milano Porta Garibaldi - Como San Giovanni - Chiasso - Lugano - Bellinzona - Göschenen - Arth-Goldau - Zürich HB - Köln Süd - Aachen Hbf - Liège Guillemins / Luik Guillemins - Bruxelles Midi / Brussel Zuid,2,,Y,Bruxelles / Brussel,Milano,1107.0,16.2,"seat, couchette, sleeper","BE, DE, CH, IT",https://www.europeansleeper.eu/,,,
101,FS,FS,,,IC Notte 1954 = IC Notte 1955 (P),,IC Notte 1954: Palermo Centrale - Termini Imerese - Barcellona Castroreale - Messina Centrale - Lamezia Terme Centrale - Roma Termini // IC Notte 1955 (P): Roma Termini - Baqël - Salerno - Messina Centrale - Barcellona Castroreale - Termini Imerese - Palermo Centrale,2,,Y,Palermo,Roma,867.0,17.7,"seat, couchette, sleeper",IT,https://www.trenitalia.com/en.html,,https://back-on-track.eu/wp-content/uploads/2025/03/800_CC-BY_back-on-track_eu_Trenitalia_IC_Notte_1964-1967.jpeg,
102,FS,FS,,,IC Notte 1958 = IC Notte 1959 (P),,IC Notte 1958: Palermo Centrale - Termini Imerese - Barcellona Castroreale - Messina Centrale - Salerno - Baqël - Roma Termini // IC Notte 1959 (P): Roma Termini - Lamezia Terme Centrale - Messina Centrale - Barcellona Castroreale - Termini Imerese - Palermo Centrale,2,,Y,Palermo,Roma,867.0,17.7,"seat, couchette, sleeper",IT,https://www.trenitalia.com/en.html,,https://back-on-track.eu/wp-content/uploads/2025/03/800_CC-BY_back-on-track_eu_Trenitalia_IC_Notte_1964-1967.jpeg,
103,FS,FS,,,IC Notte 1955 (S) = IC Notte 1956,,IC Notte 1955 (S): Roma Termini - Baqël - Salerno - Messina Centrale - Taormina Giardini - Catania Centrale - Siracusa // IC Notte 1956: Siracusa - Catania Centrale - Taormina Giardini - Messina Centrale - Lamezia Terme Centrale - Roma Termini,2,,Y,Roma,Siracusa,820.0,16.5,"seat, couchette, sleeper",IT,https://www.trenitalia.com/en.html,,https://back-on-track.eu/wp-content/uploads/2025/03/800_CC-BY_back-on-track_eu_Trenitalia_IC_Notte_1964-1967.jpeg,
104,FS,FS,,,IC Notte 1959 (S) = IC Notte 1960,,IC Notte 1959 (S): Roma Termini - Lamezia Terme Centrale - Messina Centrale - Taormina Giardini - Catania Centrale - Siracusa // IC Notte 1960: Siracusa - Catania Centrale - Taormina Giardini - Messina Centrale - Salerno - Baqël - Roma Termini,2,,Y,Roma,Siracusa,820.0,16.5,"seat, couchette, sleeper",IT,https://www.trenitalia.com/en.html,,https://back-on-track.eu/wp-content/uploads/2025/03/800_CC-BY_back-on-track_eu_Trenitalia_IC_Notte_1964-1967.jpeg,
85,FS,FS,,,IC Notte 1962 = IC Notte 1963,,IC Notte 1962: Siracusa - Catania Centrale - Taormina Giardini - Messina Centrale - Lamezia Terme Centrale - Salerno - Firenze S. M. N. - Bologna Centrale - Milano Centrale // IC Notte 1963: Milano Centrale - Bologna Centrale - Firenze S. M. N. - Salerno - Lamezia Terme Centrale - Messina Centrale - Taormina Giardini - Catania Centrale - Siracusa,2,,Y,Siracusa,Milano,1380.0,29.3,"seat, couchette, sleeper",IT,https://www.trenitalia.com/en.html,,https://back-on-track.eu/wp-content/uploads/2025/03/800_CC-BY_back-on-track_eu_Trenitalia_IC_Notte_1964-1967.jpeg,
84,FS,FS,,,IC Notte 1964 = IC Notte 1967,,IC Notte 1964: Palermo Centrale - Termini Imerese - Barcellona Castroreale - Messina Centrale - Lamezia Terme Centrale - Salerno - Firenze S. M. N. - Bologna Centrale - Milano Centrale // IC Notte 1967: Milano Centrale - Bologna Centrale - Firenze S. M. N. - Salerno - Lamezia Terme Centrale - Messina Centrale - Barcellona Castroreale - Termini Imerese - Palermo Centrale,2,,Y,Palermo,Milano,1427.0,30.5,"seat, couchette, sleeper",IT,https://www.trenitalia.com/en.html,,https://back-on-track.eu/wp-content/uploads/2025/03/800_CC-BY_back-on-track_eu_Trenitalia_IC_Notte_1964-1967.jpeg,
86,FS,FS,,,IC Notte 752 = IC Notte 755,,IC Notte 752: Lecce - Brindisi - Bari Centrale - Foggia - Bologna Centrale - Milano Centrale // IC Notte 755: Milano Centrale - Bologna Centrale - Foggia - Bari Centrale - Brindisi - Lecce,2,,Y,Lecce,Milano,1032.0,20.8,"seat, couchette, sleeper",IT,https://www.trenitalia.com/en.html,,https://back-on-track.eu/wp-content/uploads/2025/03/800_CC-BY_back-on-track_eu_Trenitalia_IC_Notte.jpg,
97,FS,FS,,,IC Notte 754 = IC Notte 757,,IC Notte 754: Lecce - Brindisi - Bari Centrale - Foggia - Bologna Centrale - Torino Lingotto // IC Notte 757: Torino Lingotto - Bologna Centrale - Foggia - Bari Centrale - Brindisi - Lecce,2,,Y,Lecce,Torino,1147.0,23.0,"seat, couchette, sleeper",IT,https://www.trenitalia.com/en.html,,https://back-on-track.eu/wp-content/uploads/2025/03/800_CC-BY_back-on-track_eu_Trenitalia_IC_Notte.jpg,
76,FS,FS,,,IC Notte 758 = IC Notte 765,,IC Notte 758: Lecce - Brindisi - Taranto - Bari Centrale - Foggia - Bologna Centrale - Milano Centrale // IC Notte 765: Milano Centrale - Bologna Centrale - Foggia - Bari Centrale,2,,Y,Lecce,Milano,1092.0,22.1,"seat, couchette, sleeper",IT,https://www.trenitalia.com/en.html,,https://back-on-track.eu/wp-content/uploads/2025/03/800_CC-BY_back-on-track_eu_Trenitalia_IC_Notte.jpg,
106,FS,FS,,,IC Notte 763 = IC Notte 764,,IC Notte 763: Bolzano / Bozen - Verona Porta Nuova - Orvieto - Roma Termini // IC Notte 764: Roma Termini - Orvieto - Verona Porta Nuova - Bolzano / Bozen,2,,Y,Bolzano,Roma,631.0,12.5,"seat, couchette, sleeper",IT,https://www.trenitalia.com/en.html,,https://back-on-track.eu/wp-content/uploads/2025/03/800_CC-BY_back-on-track_eu_Trenitalia_IC_Notte.jpg,
105,FS,FS,,,IC Notte 770 = IC Notte 774,,IC Notte 770: Trieste Centrale - Udine - Venezia Santa Lucia - Bologna Centrale - Roma Termini // IC Notte 774: Roma Termini - Venezia Santa Lucia - Udine - Trieste Centrale,2,,Y,Trieste,Roma,711.0,15.3,"seat, couchette, sleeper",IT,https://www.trenitalia.com/en.html,,https://back-on-track.eu/wp-content/uploads/2025/03/800_CC-BY_back-on-track_eu_Trenitalia_IC_Notte.jpg,
96,FS,FS,,,IC Notte 788 = IC Notte 789,,IC Notte 788: Lecce - Brindisi - Bari Centrale - Roma Termini // IC Notte 789: Roma Termini - Bari Centrale - Brindisi - Lecce,2,,Y,Lecce,Roma,647.0,12.7,"seat, couchette, sleeper",IT,https://www.trenitalia.com/en.html,,https://back-on-track.eu/wp-content/uploads/2025/03/800_CC-BY_back-on-track_eu_Trenitalia_IC_Notte.jpg,
100,FS,FS,,,IC Notte 794 = IC Notte 795,,IC Notte 794: Reggio Calabria Centrale - Tropea - Lamezia Terme Centrale - Roma Ostiense - Civitavecchia - Grosseto - Livorno Centrale - Pisa Centrale - La Spezia Centrale - Genova Piazza Principe - Torino Lingotto // IC Notte 795: Torino Lingotto - Genova Piazza Principe - La Spezia Centrale - Pisa Centrale - Livorno Centrale - Grosseto - Civitavecchia - Roma Ostiense - Lamezia Terme Centrale - Tropea - Reggio Calabria Centrale,2,,Y,Reggio Calabria,Torino,1358.0,25.7,"seat, couchette, sleeper",IT,https://www.trenitalia.com/en.html,,https://back-on-track.eu/wp-content/uploads/2025/03/800_CC-BY_back-on-track_eu_Trenitalia_IC_Notte.jpg,
99,FS,FS,,,IC Notte 796 = IC Notte 1515,,IC Notte 796: Salerno - Napoli Centrale - Roma Tiburtina - Pisa Centrale - La Spezia Centrale - Genova Piazza Principe - Torino Lingotto // IC Notte 1515: Torino Lingotto - Genova Piazza Principe - La Spezia Centrale - Pisa Centrale - Civitavecchia - Roma Ostiense - Baqël - Salerno,2,,Y,Salerno,Torino,962.0,17.9,"seat, couchette, sleeper",IT,https://www.trenitalia.com/en.html,,https://back-on-track.eu/wp-content/uploads/2025/03/800_CC-BY_back-on-track_eu_Trenitalia_IC_Notte.jpg,
83,FS,FS,,,IC Notte 797 = IC Notte 798,,IC Notte 797: Torino Porta Susa - Milano Porta Garibaldi - Roma Tiburtina - Baqël - Salerno // IC Notte 798: Salerno - Baqël - Roma Tiburtina - Orvieto - Milano Porta Garibaldi - Torino Porta Susa,2,,Y,Torino,Salerno,1009.0,20.3,"seat, couchette, sleeper",IT,https://www.trenitalia.com/en.html,,https://back-on-track.eu/wp-content/uploads/2025/03/800_CC-BY_back-on-track_eu_Trenitalia_IC_Notte.jpg,
65,GA,GA,,,F5 725 = F5 726,F5,F5 725: Oslo S - Drammen - Kongsberg - Sandnes - Stavanger // F5 726: Stavanger - Sandnes - Kongsberg - Drammen - Oslo S,2,,Y,Oslo,Stavanger,588.0,0.18,"seat, couchette, sleeper",NO,https://go-aheadnordic.no/planner,,https://back-on-track.eu/wp-content/uploads/2025/03/800_CC-BY_back-on-track_eu_Trenitalia_IC_Notte.jpg,
42,GWR,GWR,,,Sleeper (Penzance) = Sleeper (London),Night Riviera,Sleeper (Penzance): London Paddington - Reading - Plymouth - Penzance // Sleeper (London): Penzance - Plymouth - Reading - London Paddington,2,,Y,London,Penzance,489.0,10.0,"seat, sleeper",GB,https://www.gwr.com/,,https://back-on-track.eu/wp-content/uploads/2025/03/800_CC-BY_back-on-track_eu_GWR.jpeg,
3,HŽPP,HŽPP,,,1820 = 1821,,1820: Split - Knin - Karlovac - Zagreb Gl. K. // 1821: Zagreb Gl. K. - Karlovac - Knin - Split,2,,Y,Split,Zagreb,424.0,11.6,"seat, couchette, sleeper",HR,https://www.hzpp.hr/en/#,,,
47,HŽPP,HŽPP,,,1840 = 1841,,1840: Vukovar - Slavonski Brod - Zagreb Gl. K. - Karlovac - Knin - Split // 1841: Split - Knin - Zagreb Gl. K. - Slavonski Brod - Vukovar,2,,Y,Vukovar,Split,700.0,6.5,"seat, couchette, sleeper",HR,https://www.hzpp.hr/en/#,,,
48,HŽPP,HŽPP,,,1880 = 1881,Dalmacija,1880: Osijek - Zagreb Gl. K. - Knin - Split // 1881: Split - Knin - Zagreb Gl. K. - Bjelovar - Osijek,2,,Y,Osijek,Split,677.0,6.5,"seat, couchette, sleeper",HR,https://www.hzpp.hr/en/#,,,
57,HŽPP/ÖBB,HŽPP,ÖBB,,EN 414 = EN 40237,,EN 414: Zagreb Gl. K. - Ljubljana - Villach Hbf - Rosenheim - München Ost - Augsburg Hbf - Ulm Hbf - Stuttgart Hbf // EN 40237: Stuttgart Hbf - Ulm Hbf - Augsburg Hbf - München Ost - Rosenheim - Villach Hbf - Ljubljana - Zagreb Gl. K.,2,,Y,Zagreb,Stuttgart,807.0,11.1,"seat, couchette, sleeper","DE, AT, SI, HR",https://shop.oebbtickets.at,,https://back-on-track.eu/wp-content/uploads/2025/03/800_CC-BY_back-on-track_eu_hzpp_en.jpeg,
117,HŽPP/ÖBB,HŽPP,ÖBB,,EN 40414 = EN 40465,,EN 40414: Zagreb Gl. K. - Ljubljana - Villach Hbf - Innsbruck Hbf - St. Anton am Arlberg - Feldkirch - Buchs (SG) - Zürich HB // EN 40465: Zürich HB - Buchs (SG) - Feldkirch - Bludenz - St. Anton am Arlberg - Innsbruck Hbf - Villach Hbf - Ljubljana - Zagreb Gl. K.,2,,Y,Zagreb,Zürich,903.0,5.3,"seat, couchette, sleeper","AT, CH, SI, HR",https://shop.oebbtickets.at,,https://back-on-track.eu/wp-content/uploads/2025/03/800_CC-BY_back-on-track_eu_hzpp_en.jpeg,
58,MÁV,MÁV,,,EN 40457 = EN 40476,,EN 40457: Berlin Hbf - Berlin Südkreuz - Dresden Neustadt - Dresden Hbf - Ústí nad Labem hl.n. - Praha-Holešovice - Bratislava hl.st. - Vac - Budapest Nyugati // EN 40476: Budapest Nyugati - Vac - Bratislava hl.st. - Brno hl.n. - Dresden Hbf - Dresden Neustadt - Berlin Südkreuz - Berlin Hbf,2,,Y,Berlin,Budapest,995.0,17.0,"seat, couchette, sleeper","DE, CZ, SK, HU",https://jegy.mav.hu/,,,
223,MÁV,MÁV,,,1246 / 1605 = 1604 / 1247,Istria,1246 / 1605: Budapest Déli - Budapest Kelenföld - Vesprem - Zalaegerszeg - Ljubljana - Koper // 1604 / 1247: Koper - Ljubljana - Zalaegerszeg - Vesprem - Budapest Kelenföld - Budapest Déli,2,,Y,Budapest,Koper,703.0,,"seat, couchette, sleeper","HU, SI, HR",https://jegy.mav.hu/,,,
224,MÁV,MÁV,,,1246 / 1605 / 481 = 480 / 1604 / 1247,Istria,1246 / 1605 / 481: Budapest Déli - Budapest Kelenföld - Vesprem - Zalaegerszeg - Ljubljana - Opatija Matulji - Rijeka // 480 / 1604 / 1247: Rijeka - Opatija Matulji - Ljubljana - Zalaegerszeg - Vesprem - Budapest Kelenföld - Budapest Déli,2,,Y,Budapest,Rijeka,703.0,,"seat, couchette, sleeper","HU, SI, HR",https://jegy.mav.hu/,,,
225,MÁV,MÁV,,,IC 1204 = IC 1205,Adria,IC 1204: Budapest Keleti - Budapest Kelenföld - Székesfehérvár - Siófok - Nagykanizsa - Zagreb Gl. K. - Karlovac - Knin - Split // IC 1205: Split - Knin - Karlovac - Zagreb Gl. K. - Nagykanizsa - Siófok - Székesfehérvár - Budapest Kelenföld - Budapest Keleti,2,,Y,Budapest,Split,784.0,,"seat, couchette, sleeper","HU, HR",https://jegy.mav.hu/,,,
74,MÁV/ÖBB,MÁV,ÖBB,,EN 40462 = EN 40467,Kálmán Imre,EN 40462: Budapest Keleti - Budapest Kelenföld - Győr - Wien Hbf - Wien Meidling - St. Pölten Hbf - Linz Hbf - Bludenz - Feldkirch - Buchs (SG) - Zürich HB // EN 40467: Zürich HB - Buchs (SG) - Feldkirch - Bludenz - Linz Hbf - St. Pölten Hbf - Wien Meidling - Wien Hbf - Győr - Budapest Kelenföld - Budapest Keleti,2,,Y,Budapest,Zürich,1083.0,,"seat, couchette, sleeper","AT, CH, HU",https://jegy.mav.hu/,,,
54,MÁV/ÖBB,MÁV,ÖBB,,EN 50237 = EN 50462,Kálman Imre,EN 50237: Budapest Keleti - Budapest Kelenföld - Győr - Wien Hbf - Wien Meidling - St. Pölten Hbf - Linz Hbf - Rosenheim - München Ost - Augsburg Hbf - Ulm Hbf - Stuttgart Hbf // EN 50462: Stuttgart Hbf - Ulm Hbf - Augsburg Hbf - München Ost - Salzburg Hbf - Linz Hbf - St. Pölten Hbf - Wien Meidling - Wien Hbf - Győr - Budapest Kelenföld - Budapest Keleti,2,,Y,Budapest,Stuttgart,966.0,,"seat, couchette, sleeper","DE, AT, HU",https://jegy.mav.hu/,,,
127,MÁV/PKP,MÁV,PKP,,IC 407 / EN 477 = EN 476,Metropol,IC 407 / EN 477: Warszawa Wschodnia - Warszawa Centralna - Kraków Gł. - Trzebinia - Katowice - Rybnik - Bratislava hl.st. - Nové Zámky - Vac - Budapest Nyugati // EN 476: Budapest Nyugati - Vac - Nové Zámky - Bratislava hl.st. - Břeclav - Katowice - Trzebinia - Kraków Gł. - Warszawa Centralna,2,,Y,Warszawa,Budapest,902.0,,"seat, couchette, sleeper","PL, CZ, SK, HU",https://booking.polrail.com/,,,
53,ÖBB,ÖBB,,,NJ 236 = NJ 237,,NJ 236: Venezia Santa Lucia - Udine - Villach Hbf - Salzburg Hbf - München Ost - Augsburg Hbf - Ulm Hbf - Stuttgart Hbf // NJ 237: Stuttgart Hbf - Ulm Hbf - Augsburg Hbf - München Ost - Salzburg Hbf - Villach Hbf - Udine - Venezia Santa Lucia,2,,Y,Venezia,Stuttgart,852.0,,"seat, couchette, sleeper","DE, AT, IT",https://www.nightjet.com/,,https://back-on-track.eu/wp-content/uploads/2023/11/NJnG-Thumb_SB8.jpg,
49,ÖBB,ÖBB,,,NJ 294 = NJ 295,,NJ 294: Roma Tiburtina - Firenze Campo di Marte - Bologna Centrale - Villach Hbf - Salzburg Hbf - Rosenheim - München Hbf // NJ 295: München Hbf - Rosenheim - Salzburg Hbf - Villach Hbf - Bologna Centrale - Firenze S. M. N. - Roma Termini,2,,Y,Roma,München,1092.0,,"seat, couchette, sleeper","DE, AT, IT",https://www.nightjet.com/,,https://back-on-track.eu/wp-content/uploads/2023/11/NJnG-Thumb_SB8.jpg,
44,ÖBB,ÖBB,,,NJ 402 = NJ 403,,NJ 402: Zürich HB - Basel SBB - Basel Bad Bf - Freiburg (Breisgau) Hbf - Offenburg - Bonn-Beuel - Köln Hbf - Eindhoven Centraal - Utrecht Centraal - Amsterdam Centraal // NJ 403: Amsterdam Centraal - Utrecht Centraal - Eindhoven Centraal - Köln Hbf - Bonn-Beuel - Offenburg - Freiburg (Breisgau) Hbf - Basel Bad Bf - Basel SBB - Zürich HB,2,,Y,Zürich,Amsterdam,845.0,18.0,"seat, couchette, sleeper","DE, CH, NL",https://www.nightjet.com/,,https://back-on-track.eu/wp-content/uploads/2023/11/NJnG-Thumb_SB8.jpg,
232,ÖBB,ÖBB,,,NJ 40233 = NJ 40294,,NJ 40233: Wien Hbf - Wiener Neustadt Hbf - Bruck an der Mur - Klagenfurt Hbf - Villach Hbf - Bologna Centrale - Firenze S. M. N. - Roma Tiburtina // NJ 40294: Roma Tiburtina - Firenze Campo di Marte - Bologna Centrale - Villach Hbf - Klagenfurt Hbf - Wien Hbf,2,,Y,Wien,Roma,1112.0,16.0,"seat, couchette, sleeper","AT, IT",https://www.nightjet.com/,,https://back-on-track.eu/wp-content/uploads/2023/11/NJnG-Thumb_SB8.jpg,
233,ÖBB,ÖBB,,,NJ 40236 = NJ 40466,,NJ 40236: Venezia Santa Lucia - Treviso Centrale - Udine - Villach Hbf - Salzburg Hbf - Linz Hbf - Wien Hbf // NJ 40466: Wien Hbf - St. Pölten Hbf - Linz Hbf - Salzburg Hbf - Villach Hbf - Udine - Treviso Centrale - Venezia Santa Lucia,2,,Y,Venezia,Wien,619.0,,"seat, couchette, sleeper","AT, IT",https://www.nightjet.com/,,https://back-on-track.eu/wp-content/uploads/2023/11/NJnG-Thumb_SB8.jpg,
18,ÖBB,ÖBB,,,NJ 40420 = NJ 40491,,NJ 40420: Innsbruck Hbf - Jenbach - Wörgl Hbf - Kufstein - Rosenheim - München Hbf - Augsburg Hbf - Nürnberg Hbf - Kassel-Wilhelmshöhe - Göttingen - Hannover Hbf - Hamburg Harburg - Hamburg Hbf - Hamburg Altona // NJ 40491: Hamburg Altona - Hamburg Hbf - Hamburg Harburg - Hannover Hbf - Göttingen - Kassel-Wilhelmshöhe - Würzburg Hbf - Nürnberg Hbf - Augsburg Hbf - München Hbf - Rosenheim - Kufstein - Wörgl Hbf - Jenbach - Innsbruck Hbf,2,,Y,Innsbruck,Hamburg,1112.0,16.0,"seat, couchette, sleeper","DE, AT",https://www.nightjet.com/,,https://back-on-track.eu/wp-content/uploads/2023/11/NJnG-Thumb_SB8.jpg,
46,ÖBB,ÖBB,,,NJ 40421 = NJ 40490,,NJ 40421: Amsterdam Centraal - Amersfoort Centraal - Deventer - Hannover Hbf - Kassel-Wilhelmshöhe - Würzburg Hbf - Nürnberg Hbf - Regensburg Hbf - Passau Hbf - Wels Hbf - Linz Hbf - St. Pölten Hbf - Wien Meidling - Wien Hbf // NJ 40490: Wien Hbf - Wien Meidling - St. Pölten Hbf - Linz Hbf - Wels Hbf - Passau Hbf - Regensburg Hbf - Nürnberg Hbf - Würzburg Hbf - Kassel-Wilhelmshöhe - Hamm (Westf) Hbf - Münster (Westf) Hbf - Deventer - Amersfoort Centraal - Amsterdam Centraal,2,,Y,Amsterdam,Wien,,,"seat, couchette, sleeper","DE, AT, NL",https://www.nightjet.com/,,https://back-on-track.eu/wp-content/uploads/2023/11/NJnG-Thumb_SB8.jpg,
260,ÖBB,ÖBB,,,NJ 40424 = NJ 40469,,NJ 40424: Berlin Ostbahnhof - Berlin Hbf - Göttingen - Kassel-Wilhelmshöhe - Strasbourg - Paris Est // NJ 40469: Paris Est - Strasbourg - Frankfurt (Main) Süd - Erfurt Hbf - Halle (Saale) Hbf - Berlin Südkreuz - Berlin Hbf,2,2024.0,N,Berlin,Paris,1168.0,12.8,"seat, couchette, sleeper","DE, FR",https://www.nightjet.com/,,https://back-on-track.eu/wp-content/uploads/2023/11/NJnG-Thumb_SB8.jpg,
2,ÖBB,ÖBB,,,NJ 408 = NJ 409,,NJ 408: Berlin Hbf - Berlin Südkreuz - Lutherstadt Wittenberg Hbf - Bitterfeld - Leipzig Hbf - Frankfurt (Main) Süd - Mannheim Hbf - Karlsruhe Hbf - Baden-Baden - Offenburg - Freiburg (Breisgau) Hbf - Basel Bad Bf - Basel SBB - Zürich HB // NJ 409: Zürich HB - Basel SBB - Basel Bad Bf - Freiburg (Breisgau) Hbf - Offenburg - Karlsruhe Hbf - Mannheim Hbf - Frankfurt (Main) Süd - Leipzig Hbf - Halle (Saale) Hbf - Bitterfeld - Lutherstadt Wittenberg Hbf - Berlin Südkreuz - Berlin Hbf,2,,Y,Berlin,Zürich,,,"seat, couchette, sleeper","DE, CH",https://www.nightjet.com/,,https://back-on-track.eu/wp-content/uploads/2023/11/NJnG-Thumb_SB8.jpg,
45,ÖBB,ÖBB,,,NJ 420 = NJ 421,,NJ 420: Innsbruck Hbf - Jenbach - Wörgl Hbf - Kufstein - Rosenheim - München Hbf - Augsburg Hbf - Nürnberg Hbf - Würzburg Hbf - Kassel-Wilhelmshöhe - Hamm (Westf) Hbf - Münster (Westf) Hbf - Deventer - Amersfoort Centraal - Amsterdam Centraal // NJ 421: Amsterdam Centraal - Amersfoort Centraal - Deventer - Hannover Hbf - Kassel-Wilhelmshöhe - Würzburg Hbf - Nürnberg Hbf - Augsburg Hbf - München Hbf - Rosenheim - Kufstein - Wörgl Hbf - Jenbach - Innsbruck Hbf,2,,Y,Innsbruck,Amsterdam,,,"seat, couchette, sleeper","DE, AT, NL",https://www.nightjet.com/,,https://back-on-track.eu/wp-content/uploads/2023/11/NJnG-Thumb_SB8.jpg,
1,ÖBB,ÖBB,,,NJ 40425 = NJ 40468,,NJ 40425: Bruxelles Midi / Brussel Zuid - Bruxelles Noord / Brussel Nord - Liège-Guillemins - Aachen Hbf - Köln Hbf - Bonn-Beuel - Koblenz Hbf - Mainz Hbf - München Ost - Rosenheim - Salzburg Hbf - Linz Hbf - St. Pölten Hbf - Wien Meidling - Wien Hbf // NJ 40468: Wien Hbf - Wien Meidling - St. Pölten Hbf - Linz Hbf - Salzburg Hbf - Rosenheim - München Ost - Koblenz Hbf - Bonn Hbf - Köln Ehrenfeld - Aachen Hbf - Liège Guillemins / Luik Guillemins - Bruxelles Noord / Brussel Nord - Bruxelles Midi / Brussel Zuid,2,,Y,Bruxelles / Brussel,Wien,,,"seat, couchette, sleeper","BE, DE, AT",https://www.nightjet.com/,,https://back-on-track.eu/wp-content/uploads/2023/11/NJnG-Thumb_SB8.jpg,
229,ÖBB,ÖBB,,,NJ 446 = NJ 447,,NJ 446: Wien Hbf - Wien Meidling - St. Pölten Hbf - Amstetten (NÖ) - Linz Hbf - Wels Hbf - Innsbruck Hbf - St. Anton am Arlberg - Bludenz - Feldkirch - Dornbirn - Bregenz // NJ 447: Bregenz - Dornbirn - Hohenems - Götzis - Rankweil - Feldkirch - Bludenz - Langen am Arlberg - St. Anton am Arlberg - Landeck-Zams - Imst-Pitztal - Ötztal - Innsbruck Hbf - Salzburg Hbf - Vöcklabruck - Attnang-Puchheim - Wels Hbf - Linz Hbf - St. Valentin - Amstetten (NÖ) - St. Pölten Hbf - Wien Meidling - Wien Hbf - Wien Hbf (Autoreisezuganlage),2,,Y,Wien,Bregenz,,,"seat, couchette, sleeper","AT, CH",https://www.nightjet.com/,,https://back-on-track.eu/wp-content/uploads/2023/11/NJnG-Thumb_SB8.jpg,
50,ÖBB,ÖBB,,,NJ 456 = NJ 457,,NJ 456: Graz Hbf - Bruck an der Mur - Mürzzuschlag - Wiener Neustadt Hbf - Wien Hbf - Břeclav - Brno hl.n. - Pardubice hl.n. - Praha hl.n. - Praha-Holešovice - Ústí nad Labem hl.n. - Děčín hl.n. - Bad Schandau - Dresden Hbf - Dresden Neustadt - Berlin Südkreuz - Berlin Hbf // NJ 457: Berlin Hbf - Berlin Südkreuz - Dresden Neustadt - Dresden Hbf - Bad Schandau - Děčín hl.n. - Ústí nad Labem hl.n. - Praha-Holešovice - Praha hl.n. - Pardubice hl.n. - Brno hl.n. - Břeclav - Wien Hbf - Wien Meidling - Wiener Neustadt Hbf - Mürzzuschlag - Bruck an der Mur - Graz Hbf,2,2024.0,Y,Graz,Berlin,,,"seat, couchette, sleeper","DE, CZ, AT",https://www.nightjet.com/,,https://back-on-track.eu/wp-content/uploads/2023/11/NJnG-Thumb_SB8.jpg,
235,ÖBB,ÖBB,,,NJ 464 = NJ 465,,NJ 464: Graz Hbf - Bruck an der Mur - Leoben Hbf - St. Michael (Obersteiermark) - Selzthal - Liezen - Stainach-Irdning - Schladming - Bischofshofen - Schwarzach-St.Veit - Innsbruck Hbf - Landeck-Zams - St. Anton am Arlberg - Langen am Arlberg - Bludenz - Feldkirch - Buchs (SG) - Sargans - Zürich HB // NJ 465: Zürich HB - Sargans - Buchs (SG) - Feldkirch - Bludenz - Langen am Arlberg - St. Anton am Arlberg - Landeck-Zams - Innsbruck Hbf - Schwarzach-St.Veit - Bischofshofen - Schladming - Stainach-Irdning - Liezen - Selzthal - St. Michael (Obersteiermark) - Leoben Hbf - Bruck an der Mur - Graz Hbf,2,,Y,Graz,Zürich,,,"seat, couchette, sleeper","AT, LI, CH",https://www.nightjet.com/,,https://back-on-track.eu/wp-content/uploads/2023/11/NJnG-Thumb_SB8.jpg,
5,ÖBB,ÖBB,,,NJ 470 = NJ 471,,NJ 470: Zürich HB - Basel SBB - Basel Bad Bf - Freiburg (Breisgau) Hbf - Offenburg - Baden-Baden - Karlsruhe Hbf - Göttingen - Hannover Hbf - Verden (Aller) - Bremen Hbf - Hamburg Harburg - Hamburg Hbf - Hamburg Dammtor - Hamburg Altona // NJ 471: Hamburg Altona - Hamburg Hbf - Bremen Hbf - Hannover Hbf - Göttingen - Karlsruhe Hbf - Offenburg - Freiburg (Breisgau) Hbf - Basel Bad Bf - Basel SBB - Zürich HB,2,,Y,Zürich,Hamburg,1011.0,18.0,"seat, couchette, sleeper","DE, CH",https://www.nightjet.com/,,https://back-on-track.eu/wp-content/uploads/2023/11/NJnG-Thumb_SB8.jpg,
17,ÖBB,ÖBB,,,NJ 490 = NJ 491,,NJ 490: Wien Hbf - Wien Meidling - St. Pölten Hbf - Linz Hbf - Wels Hbf - Passau Hbf - Regensburg Hbf - Nürnberg Hbf - Würzburg Hbf - Kassel-Wilhelmshöhe - Göttingen - Hannover Hbf - Hamburg Harburg - Hamburg Hbf - Hamburg Dammtor - Hamburg Altona // NJ 491: Hamburg Altona - Hamburg Hbf - Hamburg Harburg - Hannover Hbf - Göttingen - Kassel-Wilhelmshöhe - Würzburg Hbf - Nürnberg Hbf - Regensburg Hbf - Passau Hbf - Wels Hbf - Linz Hbf - St. Pölten Hbf - Wien Meidling - Wien Hbf,2,,Y,Wien,Hamburg,,,"seat, couchette, sleeper","DE, AT",https://www.nightjet.com/,,https://back-on-track.eu/wp-content/uploads/2023/11/NJnG-Thumb_SB8.jpg,
114,OTE,OTE,,,141 = 154,,141: Villach Hbf - non-stop - Edirne // 154: Edirne - non-stop - Villach Hbf,2,,Y,Villach,Edirne,,,"couchette, sleeper","AT, SI, HR, RS, BG, TR",https://www.optimatours.de/timetable,,,
126,PKP,PKP,,,EN 430 / IC 440 = IC 82170 / EC 431,Przemyślanin,EN 430 / IC 440: Przemyśl Gł. - Rzeszow Gł. - Tarnow - Kraków Gł. - Katowice - Poznań Gł. - Krzyz - Szczecin Gł. - Świnoujście // IC 82170 / EC 431: Świnoujście - Szczecin Gł. - Krzyz - Poznań Gł. - Leszno - Wrocław Gł. - Katowice - Kraków Gł. - Tarnow - Rzeszow Gł. - Przemyśl Gł.,2,,Y,Przemyśl,Świnoujście,,,"seat, couchette, sleeper",PL,https://www.intercity.pl/en/,,,
122,PKP,PKP,,,IC 38172 = IC 83172,Podhalanin,IC 38172: Zakopane - Kraków Gł. - Poznań Gł. - Szczecin Gł. - Świnoujście // IC 83172: Świnoujście - Szczecin Gł. - Poznań Gł. - Kraków Gł. - Zakopane,2,,Y,Zakopane,Świnoujście,760.0,26.1,"seat, sleeper",PL,https://www.intercity.pl/en/,,,2026-03-16 01:11:00
136,PKP,PKP,,,TLK 48190 = TLK 84190,Pirat,TLK 48190: Bielsko-Biała Główna - Żory - Rybnik - Opole Główne - Kołobrzeg // TLK 84190: Kołobrzeg - Poznań Gł. - Rybnik - Żory - Bielsko-Biała Główna,2,,Y,,Kołobrzeg,,,"seat, sleeper",PL,https://www.intercity.pl/en/,,,
121,PKP,PKP,,,IC 16170 = IC 61170,Karkonosze,IC 16170: Warszawa Wschodnia - Warszawa Centralna - Warszawa Zachodnia - Wrocław Gł. - Jelenia Góra - Szklarska Poręba Górna // IC 61170: Szklarska Poręba Górna - Jelenia Góra - Wrocław Gł. - Warszawa Zachodnia - Warszawa Centralna - Warszawa Wschodnia,2,,Y,Warszawa,,638.0,22.5,"seat, sleeper",PL,https://www.intercity.pl/en/,,,
125,PKP,PKP,,,TLK 35190 = TLK 53190,Korsarz,TLK 35190: Kraków Gł. - Częstochowa - Łódź Kaliska - Toruń Gł. - Gdynia Główna - Łeba // TLK 53190: Łeba - Gdynia Gł. - Gdańsk Gł. - Tczew - Łódź Kaliska - Częstochowa - Kraków Gł.,2,,Y,Kraków,Łeba,703.0,24.3,"seat, sleeper",PL,https://www.intercity.pl/en/,,,2026-03-16 01:11:00
128,PKP,PKP,,,IC 440 = IC 82170,Uznam,IC 440: Chelm - Lublin - Warszawa Centralna - Łódź Widzew - Szczecin Gł. - Świnoujście // IC 82170: Świnoujście - Szczecin Gł. - Łódź Widzew - Warszawa Centralna - Lublin - Chelm,2,,Y,Chelm,Świnoujście,,,"seat, couchette, sleeper",PL,https://www.intercity.pl/en/,,,
129,PKP,PKP,,,TLK 35170 = TLK 53170,Karpaty,TLK 35170: Zakopane - Kraków Gł. - Częstochowa - Warszawa Centralna - Ciechanow - Tczew - Gdańsk Gł. - Gdynia Gł. // TLK 53170: Gdynia Gł. - Gdańsk Gł. - Tczew - Ciechanow - Warszawa Centralna - Kraków Gł. - Zakopane,2,,Y,Zakopane,Gdynia,,,"seat, sleeper",PL,https://www.intercity.pl/en/,,,
10,PKP,PKP,,,TLK 35190/50191 = TLK 55190/53190,Rozewie,TLK 35190/50191: Kraków Gł. - Trzebinia - Gdańsk Gł. - Gdynia Gł. - Hel // TLK 55190/53190: Hel - Gdynia Gł. - Gdańsk Gł. - Trzebinia - Kraków Gł.,2,,N,Kraków,Hel,,,"seat, couchette, sleeper",PL,https://www.intercity.pl/en/,,,
138,PKP,PKP,,,TLK 38170 = TLK 83170,Ustronie,TLK 38170: Kraków Gł. - Kielce - Radom - Gdańsk Gł. - Gdynia Gł. - Słupsk - Koszalin - Kołobrzeg // TLK 83170: Kołobrzeg - Koszalin - Słupsk - Gdynia Gł. - Gdańsk Gł. - Radom - Kielce - Kraków Gł.,2,,Y,Kraków,Kołobrzeg,,,"seat, couchette, sleeper",PL,https://www.intercity.pl/en/,,,
137,PKP,PKP,,,TLK 48190/38194 = TLK 83194/84190,Wolin,TLK 48190/38194: Bielsko-Biała Gł. - Rybnik - Opole Gł. - Kostrzyn - Szczecin Gł. - Świnoujście // TLK 83194/84190: Świnoujście - Szczecin Gł. - Kostrzyn - Zielona Góra Gł. - Rybnik - Bielsko-Biała Gł.,2,,Y,Bielsko-Biała,Świnoujście,680.0,26.4,"seat, couchette",PL,https://www.intercity.pl/en/,,,
8,PKP/ČD,PKP,ČD,,=,Carpathia,:  -  -  // :  -  -,2,,Y,#N/A,#N/A,,,,"CZ, PL",https://www.intercity.pl/en/,,,
9,PKP/ČD,PKP,ČD,,EN 443 / IC 406 = IC 407 / EN 442,Chopin,EN 443 / IC 406: Praha hl.n. - Pardubice hl.n. - Olomouc hl.n. - Katowice - Zawiercie - Opoczno Południe - Warszawa Centralna - Warszawa Wschodnia // IC 407 / EN 442: Warszawa Wschodnia - Warszawa Centralna - Opoczno Południe - Zawiercie - Katowice - Rybnik - Olomouc hl.n. - Pardubice hl.n. - Praha hl.n.,2,,Y,Praha,Warszawa,,,"seat, couchette, sleeper","CZ, PL",https://www.intercity.pl/en/,,,
118,PKP/ČD,PKP,ČD,,EN 40416 = EN 40417,Carpathia,EN 40416: München Hbf - München Ost - Rosenheim - Salzburg Hbf - Attnang-Puchheim - Linz Hbf - St. Pölten Hbf - Wien Meidling - Wien Hbf - Břeclav - Gliwice - Zabrze - Katowice - Mysłowice - Jaworzno Szczakowa - Trzebinia - Krzeszowice - Kraków Gł. - Tarnow - Dębica - Rzeszow Gł. - Przeworsk - Jarosław - Przemyśl Gł. // EN 40417: Przemyśl Gł. - Mysłowice - Przeworsk - Rzeszow Gł. - Dębica - Tarnow - Kraków Gł. - Krzeszowice - Trzebinia - Jaworzno Szczakowa - Katowice - Zabrze - Gliwice - Břeclav - Wien Hbf - Wien Meidling - St. Pölten Hbf - Linz Hbf - Attnang-Puchheim - Salzburg Hbf - Rosenheim - München Ost - München Hbf,2,,Y,München,Przemyśl,1185.0,24.7,"seat, couchette, sleeper","DE, AT, CZ, PL",https://www.cd.cz/en/spojeni-a-jizdenka/,,,
124,PKP/ČD,PKP,ČD,,EC 460 = EC 461,Baltic Express,EC 460: Praha hl.n. - Jarosław - Lichkov - Międzylesie - Kłodzko Miasto - Wrocław Gł. - Poznań Gł. - Gdańsk Gł. - Gdynia Gł. // EC 461: Gdynia Gł. - Gdańsk Gł. - Bydgoszcz Gł. - Wrocław Gł. - Kłodzko Miasto - Międzylesie - Lichkov - Pardubice hl.n. - Praha hl.n.,2,,Y,Praha,Gdynia,856.0,27.1,"seat, couchette, sleeper","PL, CZ",https://www.intercity.pl/en/,,https://back-on-track.eu/wp-content/uploads/2025/04/PKP_sleeper_type_308A_CC-BY_2-0_Adam-Kilian_wikimedia_commons.jpeg,2026-03-16 01:12:00
116,PKP/ČD,PKP,ČD,,EN 406 = EN 407,Chopin,EN 406: München Hbf - München Ost - Rosenheim - Salzburg Hbf - Attnang-Puchheim - Linz Hbf - St. Pölten Hbf - Wien Meidling - Wien Hbf - Břeclav - Katowice - Sosnowiec Główny - Zawiercie - Włoszczowa Północ - Warszawa Zachodnia - Warszawa Centralna - Warszawa Wschodnia // EN 407: Warszawa Wschodnia - Warszawa Centralna - Warszawa Zachodnia - Włoszczowa Północ - Zawiercie - Sosnowiec Główny - Katowice - Břeclav - Wien Hbf - Wien Meidling - St. Pölten Hbf - Linz Hbf - Attnang-Puchheim - Salzburg Hbf - Rosenheim - München Ost - München Hbf,2,,Y,München,Warszawa,1139.0,24.0,"seat, couchette, sleeper","AT, PL, CZ",https://www.intercity.pl/en/,,,
265,PKP/ČD,PKP,ČD,,TLK 403/50171 = TLK 55170/402,Wydmy,TLK 403/50171: Bohumín - non-stop - Hel // TLK 55170/402: Hel - non-stop - Bohumín,2,,Y,Bohumín,Hel,,,,"CZ, PL",https://www.intercity.pl/en/,,,
266,PKP/ČD,PKP,ČD,,TLK 403 = TLK 402,Wydmy,TLK 403: Bohumín -  - Łeba // TLK 402: Łeba -  - Bohumín,2,,Y,Bohumín,Łeba,,,,"CZ, PL",https://www.intercity.pl/en/,,,
7,RJ,RJ,,,1020 = 1021,,1020: Chop - Košice - Poprad Tatry - Pardubice hl.n. - Praha hl.n. // 1021: Praha hl.n. - Pardubice hl.n. - Ostrava hl.n. - Poprad Tatry - Košice - Chop,2,,Y,Chop,Praha,672.0,11.8,"seat, couchette, sleeper","SK, CZ",https://regiojet.de/,,,
261,RJ,RJ,,,1038 = 1039,,1038: Przemyśl Gł. - Kraków Gł. - Olomouc hl.n. - Praha hl.n. // 1039: Praha hl.n. - Pardubice hl.n. - Olomouc hl.n. - Kraków Gł. - Przemyśl Gł.,2,,Y,Przemyśl,Praha,740.0,20.6,"seat, couchette, sleeper","PL, CZ",https://regiojet.de/,,,
62,SJ,SJ,,,1 = 2,,1: Stockholm C - Norrköping C - Hässleholm C - Lund C - Malmö C // 2: Malmö C - Lund C - Helsingborg C - Hässleholm C - Stockholm C,2,,Y,Stockholm,Malmö,614.0,0.67,"seat, couchette, sleeper",SE,https://www.sj.se/en/,,https://back-on-track.eu/wp-content/uploads/2025/03/800_CC-BY_back-on-track_eu_SJ.jpeg,
78,SJ,SJ,,,EN 345 = EN 346,,EN 345: Stockholm C - Norrköping C - Linköping C - Nässjö C - Alvesta - Hässleholm C - Lund C - Malmö C - Kastrup Lufthavn - Padborg - Hamburg Hbf - Berlin Hbf // EN 346: Berlin Hbf - Hamburg Hbf - Padborg - Kastrup Lufthavn - Malmö C - Lund C - Hässleholm C - Alvesta - Nässjö C - Linköping C - Norrköping C - Stockholm C,2,,Y,Stockholm,Berlin,1439.0,16.1,"seat, couchette, sleeper","DE, DK, SE",https://www.sj.se/en/,,https://back-on-track.eu/wp-content/uploads/2025/03/800_CC-BY_back-on-track_eu_SJ-RDC.jpeg,
63,SJ,SJ,,,70 (D) = 71 (S),,70 (D): Stockholm C - Arlanda - Uppsala C - Gävle C - Östersund C - Åre - Duved // 71 (S): Duved - Åre - Östersund C - Sundsvall C - Arlanda - Stockholm C,2,,Y,Stockholm,Duved,652.0,0.75,"seat, couchette, sleeper",SE,https://www.sj.se/en/,,https://back-on-track.eu/wp-content/uploads/2025/03/800_CC-BY_back-on-track_eu_SJ.jpeg,
88,SJ,SJ,,,70 (U) = 77 (S),,70 (U): Stockholm C - Arlanda - Uppsala C - Gävle C - Härnösand - Örnsköldsvik C - Umeå C // 77 (S): Umeå C - Örnsköldsvik C - Härnösand - Sundsvall C - Arlanda - Stockholm C,2,,Y,Stockholm,Umeå,704.0,0.71,"seat, couchette, sleeper",SE,https://www.sj.se/en/,,https://back-on-track.eu/wp-content/uploads/2025/03/800_CC-BY_back-on-track_eu_SJ.jpeg,
68,SJ,SJ,,,Nattåg 93 (L) = Nattåg 94 (L),,Nattåg 93 (L): Luleå C - Boden C - Umeå C - Örnsköldsvik C - Sundsvall C - Gävle C - Uppsala C - Arlanda - Stockholm C // Nattåg 94 (L): Stockholm C - Arlanda - Uppsala C - Gävle C - Sundsvall C - Härnösand - Örnsköldsvik C - Boden C - Luleå C,2,,Y,Luleå,Stockholm,1052.0,1.1,"seat, couchette, sleeper",SE,https://www.vy.se/,,https://back-on-track.eu/wp-content/uploads/2025/03/800_CC-BY_back-on-track_eu_SJ.jpeg,
81,SJ,SJ,,,Nattåg 91 = Nattåg 92,,Nattåg 91: Luleå C - Boden C - Umeå C - Örnsköldsvik C - Härnösand - Sundsvall C - Gävle C - Uppsala C - Arlanda - Stockholm C // Nattåg 92: Stockholm C - Arlanda - Uppsala C - Gävle C - Örnsköldsvik C - Umeå C - Boden C - Luleå C,2,,Y,Luleå,Stockholm,1052.0,1.1,"seat, couchette, sleeper",SE,https://www.vy.se/,,https://back-on-track.eu/wp-content/uploads/2025/03/800_CC-BY_back-on-track_eu_SJ.jpeg,
66,SJ,SJ,,,Nattåg 93 (N) = Nattåg 94 (N),Arctic Circle,Nattåg 93 (N): Narvik - Kiruna / Giron - Gällivare C - Boden C - Umeå C - Sundsvall C - Gävle C - Uppsala C - Arlanda - Stockholm C // Nattåg 94 (N): Stockholm C - Arlanda - Uppsala C - Gävle C - Sundsvall C - Härnösand - Örnsköldsvik C - Boden C - Gällivare C - Kiruna / Giron - Narvik,2,,Y,Narvik,Stockholm,1456.0,1.4,"seat, couchette, sleeper","SE, NO",https://www.vy.se/,,https://back-on-track.eu/wp-content/uploads/2025/03/800_CC-BY_back-on-track_eu_SJ.jpeg,
70,SJN,SJN,,,405 = 406,F6,405: Oslo S - Hamar - Lillehammer - Trondheim // 406: Trondheim - Lillehammer - Hamar - Oslo S,2,,Y,Oslo,Trondheim,556.0,0.18,"seat, sleeper",NO,https://www.sj.no/,,,
71,SJN,SJN,,,475 = 476,F7,475: Trondheim - Levanger - Steinkjer - Mo i Rana - Bodø // 476: Bodø - Mo i Rana - Steinkjer - Levanger - Trondheim,2,,Y,Trondheim,Bodø,725.0,0.23,"seat, sleeper",NO,https://www.sj.no/,,,
110,SNCF,SNCF,,,IC Nuit 5737 = IC Nuit 5738,,IC Nuit 5737: Paris Austerlitz - Nîmes - Montpellier Saint-Roch - Béziers - Narbonne - Perpignan - Cerbère // IC Nuit 5738: Cerbère - Perpignan - Narbonne - Béziers - Montpellier Saint-Roch - Nîmes - Paris Austerlitz,2,,Y,Paris,Cerbère,952.0,2.7,"seat, couchette",FR,https://www.sncf-connect.com/en-en/,https://www.raileurope.com/,,
264,SNCF,SNCF,,,IC Nuit 3750 = IC Nuit 3751,,IC Nuit 3750: Toulouse Matabiau - Montauban Ville Bourbon - Fleury-les-Aubrais (Orléans) - Paris Austerlitz // IC Nuit 3751: Paris Austerlitz - Fleury-les-Aubrais (Orléans) - Montauban Ville Bourbon - Toulouse Matabiau,2,2024.0,Y,Toulouse,Paris,714.0,2.2,"seat, couchette",FR,https://www.sncf-connect.com/en-en/,https://www.raileurope.com/,,
111,SNCF,SNCF,,,IC Nuit 3731 = IC Nuit 3740,Le Pyrénéen,IC Nuit 3731: Tarbes - Lourdes - Pau - Bayonne - Dax - Paris Austerlitz // IC Nuit 3740: Paris Austerlitz - Dax - Bayonne - Pau - Lourdes - Tarbes,2,,Y,Tarbes,Paris,841.0,2.9,"seat, couchette",FR,https://www.sncf-connect.com/en-en/,https://www.raileurope.com/,,
109,SNCF,SNCF,,,IC Nuit 3754 (Sun) = IC Nuit 3755 (Sun),L'Occitan,IC Nuit 3754 (Sun): Albi Ville - Rodez - Figeac - St-Denis-lès-Martel - Paris Austerlitz // IC Nuit 3755 (Sun): Paris Austerlitz - St-Denis-lès-Martel - Figeac - Rodez - Albi Ville,2,,Y,Albi,Paris,792.0,2.2,"seat, couchette",FR,https://www.sncf-connect.com/en-en/,https://www.raileurope.com/,,
119,SNCF,SNCF,,,IC Nuit 3754 = IC Nuit 3755,L'Occitan,IC Nuit 3754: Rodez - Figeac - St-Denis-lès-Martel - Paris Austerlitz // IC Nuit 3755: Paris Austerlitz - St-Denis-lès-Martel - Figeac - Rodez,2,,Y,Rodez,Paris,712.0,2.0,"seat, couchette",FR,https://www.sncf-connect.com/en-en/,https://www.raileurope.com/,,
112,SNCF,SNCF,,,IC Nuit 3970 = IC Nuit 3971,Le Pyrénéen,IC Nuit 3970: Latour-de-Carol / La Tor de Querol - Pamiers - Fleury-les-Aubrais (Orléans) - Paris Austerlitz // IC Nuit 3971: Paris Austerlitz - Fleury-les-Aubrais (Orléans) - Pamiers - Latour-de-Carol / La Tor de Querol,2,,Y,Latour-de-Carol,Paris,875.0,2.6,"seat, couchette",FR,https://www.sncf-connect.com/en-en/,https://www.raileurope.com/,,
262,SNCF,SNCF,,,IC Nuit 3789 = IC Nuit 3790,,IC Nuit 3789: Paris Austerlitz - St-Denis-lès-Martel - Bretenoux Biars - Laroquebrou / Laròcabrau - Aurillac // IC Nuit 3790: Aurillac - Laroquebrou / Laròcabrau - Bretenoux Biars - St-Denis-lès-Martel - Paris Austerlitz,2,,Y,Paris,Aurillac,602.0,3.9,"seat, couchette",FR,https://www.sncf-connect.com/en-en/,https://www.raileurope.com/,,
108,SNCF,SNCF,,,IC Nuit 5781 = IC Nuit 5772,Le Train Bleu,IC Nuit 5781: Paris Austerlitz - Marseille Saint-Charles - Toulon - Cannes - Nice Ville // IC Nuit 5772: Nice Ville - Cannes - Toulon - Marseille Saint-Charles - Paris Austerlitz,2,,Y,Paris,Nice,989.0,3.1,"seat, couchette",FR,https://www.sncf-connect.com/en-en/,https://www.raileurope.com/,,
107,SNCF,SNCF,,,IC Nuit 5787 = IC Nuit 5792,,IC Nuit 5787: Paris Austerlitz - Crest - Gap - Briançon // IC Nuit 5792: Briançon - Gap - Crest - Paris Austerlitz,2,,Y,Paris,Briançon,796.0,2.4,"seat, couchette",FR,https://www.sncf-connect.com/en-en/,https://www.raileurope.com/,,
77,ST,ST,,,300 = 301,Berlinaren,300: Stockholm C - Norrköping C - Linköping C - Nässjö C - Alvesta - Hässleholm C - Lund C - Malmö C - København Ørestad - Hamburg Hbf - Berlin Hbf // 301: Berlin Hbf - Hamburg Hbf - København Ørestad - Malmö C - Lund C - Hässleholm C - Alvesta - Nässjö C - Linköping C - Norrköping C - Stockholm C,2,,Y,Stockholm,Berlin,1481.0,16.1,"seat, couchette, sleeper","DE, DK, SE",https://www.snalltaget.se/en,,https://back-on-track.eu/wp-content/uploads/2025/03/800_CC-BY_back-on-track_eu_ST.jpeg,
73,ST,ST,,,304 = 305,,304: Innsbruck Hbf - Jenbach - Wörgl Hbf - Kitzbühel - Salzburg Hbf - München Ost - Hamburg Hbf - Kolding - Odense - Høje Taastrup - Malmö C // 305: Malmö C - Høje Taastrup - Odense - Kolding - Hamburg Hbf - München Ost - Salzburg Hbf - Kitzbühel - Wörgl Hbf - Jenbach - Innsbruck Hbf,2,,Y,Innsbruck,Malmö,1847.0,30.4,sleeper,"SE, DK, DE, AT",https://www.snalltaget.se/en,,https://back-on-track.eu/wp-content/uploads/2025/03/800_CC-BY_back-on-track_eu_ST.jpeg,
79,ST,ST,,,3920 = 3921,,3920: Malmö C - Lund C - Hässleholm C - Alvesta - Nässjö C - Linköping C - Norrköping C - Stockholm C - Uppsala C - Östersund C - Åre - Duved - Storlien // 3921: Storlien - Duved - Åre - Östersund C - Uppsala C - Stockholm C - Norrköping C - Alvesta - Hässleholm C - Lund C - Malmö C,2,,Y,Malmö,,1314.0,1.5,"seat, couchette, sleeper",SE,https://www.snalltaget.se/en,,,
80,ST,ST,,,3904 = 3905,,3904: Malmö C - Lund C - Hässleholm C - Alvesta - Nässjö C - Linköping C - Norrköping C - Östersund C - Åre - Duved // 3905: Duved - Åre - Östersund C - Linköping C - Nässjö C - Alvesta - Hässleholm C - Lund C - Malmö C,2,,Y,Malmö,Duved,1265.0,1.4,"seat, couchette, sleeper",SE,https://www.snalltaget.se/en,,,
27,TCDD/BDŽ,TCDD,BDŽ,,12503/492 = 493/12504,Balkan Express,12503/492: İstanbul Halkalı - Edirne - Kapıkule - Svilengrad - Dimitrovgrad - Plovdiv - Sofia // 493/12504: Sofia - Plovdiv - Dimitrovgrad - Svilengrad - Kapıkule - Edirne - İstanbul Halkalı,2,,Y,İstanbul,Sofia,591.0,13.9,"couchette, sleeper","BG, TR",https://discoverbyrail.com/booking-train-tickets/,,,
28,TCDD/BDŽ/CFR,TCDD,BDŽ,CFR,12503/460 = 461/12504,Bosphor Express,12503/460: İstanbul Halkalı - Edirne - Kapıkule - Svilengrad - Dimitrovgrad - Stara Zagora - Veliko Tarnovo - Gorna Oryahovitsa - Ruse - Giurgiu Nord - București Nord // 461/12504: București Nord - Giurgiu Nord - Ruse - Gorna Oryahovitsa - Veliko Tarnovo - Stara Zagora - Dimitrovgrad - Svilengrad - Kapıkule - Edirne - İstanbul Halkalı,2,,Y,İstanbul,București,799.0,17.7,couchette,"RO, BG, TR",https://bileteinternationale.cfrcalatori.ro/en/booking/search,,,
31,TCDD,TCDD,,,22001 = 12002,Ankara Ekspresi,22001: Ankara - Eskişehir - İstanbul Pendik - İstanbul Sögütlücesme - İstanbul Halkalı // 12002: İstanbul Halkalı - İstanbul Sögütlücesme - İstanbul Pendik - İzmit - Ankara,2,,Y,Ankara,İstanbul,567.0,12.0,"seat, sleeper",TR,https://www.tcddtasimacilik.gov.tr/,,,
30,TCDD,TCDD,,,22006 = 32005,Izmir Mavi,22006: Ankara - Eskişehir - Balıkesir - Manisa - İzmir Çiğli - İzmir Basmane // 32005: İzmir Basmane - İzmir Çiğli - Manisa - Balıkesir - Eskişehir - Ankara,2,,Y,Ankara,İzmir,811.0,18.0,"seat, sleeper",TR,https://www.tcddtasimacilik.gov.tr/,,,
247,TCDD,TCDD,,,22010 = 42009,Dogu Ekspresi,22010: Ankara - Kırıkkale - Kayseri - Sivas - Erzincan - Erzurum - Kars // 42009: Kars - Erzurum - Erzincan - Sivas - Kayseri - Kırıkkale - Ankara,2,,Y,Ankara,Kars,1339.0,30.5,"seat, couchette",TR,https://www.tcddtasimacilik.gov.tr/,,,
243,TCDD,TCDD,,,22012 = 52011,Vangölü Ekspresi,22012: Ankara - Kırıkkale - Kayseri - Sivas - Malatya - Elazığ - Mûş - Tatvan // 52011: Tatvan - Mûş - Elazığ - Malatya - Sivas - Kayseri - Kırıkkale - Ankara,2,,Y,Ankara,Tatvan,1261.0,28.7,"seat, couchette, sleeper",TR,https://www.tcddtasimacilik.gov.tr/,,,
245,TCDD,TCDD,,,22014 = 52013,Güney Ekspresi,22014: Ankara - Kırıkkale - Kayseri - Sivas - Diyarbakır - Batman - Kurtalan // 52013: Kurtalan - Batman - Diyarbakır - Sivas - Kayseri - Kırıkkale - Ankara,2,,Y,Ankara,Kurtalan,1263.0,28.8,"seat, couchette, sleeper",TR,https://www.tcddtasimacilik.gov.tr/,,,
246,TCDD,TCDD,,,22018 = 52019,4 Eylül Mavi,22018: Ankara - Kırıkkale - Sivas - Malatya // 52019: Malatya - Sivas - Kayseri - Kırıkkale - Ankara,2,,Y,Ankara,Malatya,851.0,19.4,"seat, couchette",TR,https://www.tcddtasimacilik.gov.tr/,,,
248,TCDD,TCDD,,,32007 = 72008,Konya Mavi,32007: İzmir Basmane - İzmir Çiğli - Manisa - Afyon A Çetinkaya - Konya // 72008: Konya - Afyon A Çetinkaya - Manisa - İzmir Çiğli - İzmir Basmane,2,,Y,İzmir,Konya,669.0,16.2,"seat, sleeper",TR,https://www.tcddtasimacilik.gov.tr/,,,
252,UEX,UEX,,,320/324 = 321/325,,320/324: Villach Hbf - Salzburg Hbf - München Ost - Göttingen - Hannover Hbf - Hamburg Hbf - Hamburg Altona // 321/325: Hamburg Altona - Hamburg Hbf - Hannover Hbf - Göttingen - Fulda - München Ost - Salzburg Hbf - Villach Hbf,2,,Y,Villach,Hamburg,,,"couchette, sleeper",DE,https://buchung.urlaubs-express.de/,,,
253,UEX,UEX,,,302/322 = 303/323,,302/322: Innsbruck Hbf - Jenbach - Kufstein - München Ost - Augsburg Hbf - Hannover Hbf - Hamburg Hbf - Hamburg Altona // 303/323: Hamburg Altona - Hamburg Hbf - Hannover Hbf - Göttingen - Augsburg Hbf - München Ost - Kufstein - Jenbach - Innsbruck Hbf,2,,Y,Innsbruck,Hamburg,,,"couchette, sleeper",DE,https://buchung.urlaubs-express.de/,,,
254,UEX,UEX,,,1856 = 1857,,1856: München Ost - Augsburg Hbf - Hannover Hbf - Lüneburg - Hamburg Hbf - Hamburg Altona // 1857: Hamburg Altona - Hamburg Hbf - Hannover Hbf - Augsburg Hbf - München Ost,2,,Y,München,Hamburg,,,"couchette, sleeper",DE,https://buchung.urlaubs-express.de/,,,
255,UEX,UEX,,,1858 = 1859,,1858: Lörrach Hbf - Freiburg (Breisgau) Hbf - Karlsruhe Hbf - Hannover Hbf - Lüneburg - Hamburg Hbf - Hamburg Altona // 1859: Hamburg Altona - Hamburg Hbf - Hannover Hbf - Karlsruhe Hbf - Freiburg (Breisgau) Hbf - Lörrach Hbf,2,,Y,Lörrach,Hamburg,,,"couchette, sleeper",DE,https://buchung.urlaubs-express.de/,,,
256,UEX,UEX,,,332/1372 = 333/1373,,332/1372: Innsbruck Hbf - Jenbach - München Ost - Augsburg Hbf - Gießen - Siegen - Siegburg (Bonn) - Köln Messe/Deutz - Düsseldorf Hbf // 333/1373: Düsseldorf Hbf - Köln Messe/Deutz - Siegburg/Bonn - Siegen - Aschaffenburg Hbf - Augsburg Hbf - München Ost - Jenbach - Innsbruck Hbf,2,,Y,Innsbruck,Düsseldorf,,,"couchette, sleeper",DE,https://buchung.urlaubs-express.de/,,,
257,UEX,UEX,,,334/1374 = 335/1375,,334/1374: Villach Hbf - Salzburg Hbf - München Ost - Aschaffenburg Hbf - Gießen - Siegen Hbf - Siegburg/Bonn - Köln Messe/Deutz - Düsseldorf Hbf // 335/1375: Düsseldorf Hbf - Köln Messe/Deutz - Siegen Hbf - Aschaffenburg Hbf - München Ost - Salzburg Hbf - Villach Hbf,2,,Y,Villach,Düsseldorf,,,"couchette, sleeper",DE,https://buchung.urlaubs-express.de/,,,
164,UZ,UZ,,,001 D = 001 L,Yednist,001 D: Kharkiv - Poltava - Myrhorod - Lubny - Kyiv Pasazhyrskyi - Lviv - Ivano-Frankivsk // 001 L: Ivano-Frankivsk - Lviv - Kyiv Pasazhyrskyi - Lubny - Myrhorod - Poltava - Kharkiv,2,,Y,Kharkiv,Ivano-Frankivsk,1197.0,22.9,"couchette, sleeper",UA,https://booking.uz.gov.ua/en/,,,
220,UZ,UZ,,,003 = 004,,003: Uzhhorod - Mukacheve - Stryj - Lviv - Oleksandriia - Dnipro Holovny // 004: Dnipro Holovny - Lviv - Stryj - Mukacheve - Uzhhorod,2,,Y,Uzhhorod,Dnipro,1484.0,25.4,"bunkbed, couchette, sleeper",UA,https://booking.uz.gov.ua/en/,,,
221,UZ,UZ,,,006 L = 006 P,,006 L: Yasinia - Vorokhta - Ivano-Frankivsk - Lviv - Dnipro Holovny - Zaporizhzhia 1 // 006 P: Zaporizhzhia 1 - Dnipro Holovny - Lviv - Ivano-Frankivsk - Vorokhta - Yasinia,2,,Y,Yasinia,Zaporizhzhia,1465.0,25.3,"bunkbed, couchette, sleeper",UA,https://booking.uz.gov.ua/en/,,,
168,UZ,UZ,,,007 K = 008 L,Bukovyna,007 K: Kyiv Pasazhyrskyi - Lviv - Ivano-Frankivsk - Chernivtsi // 008 L: Chernivtsi - Ivano-Frankivsk - Lviv - Kyiv Pasazhyrskyi,2,,Y,Kyiv,Chernivtsi,919.0,15.6,"bunkbed, couchette, sleeper",UA,https://booking.uz.gov.ua/en/,,,
154,UZ,UZ,,,007 O/059 O = 008 Š/060 Š,Transcarpathia,007 O/059 O: Kharkiv - Poltava - Kremenchuk - Odesa Holovna // 008 Š/060 Š: Odesa Holovna - Kremenchuk - Poltava - Kharkiv,2,,Y,Kharkiv,Odesa,758.0,11.4,"bunkbed, couchette, sleeper",UA,https://booking.uz.gov.ua/en/,,,
183,UZ,UZ,,,009 / 010,,009: Kyiv Pasazhyrskyi - Lviv - Mukacheve - Chop - Nyíregyháza - Szolnok - Budapest Keleti // 010: Budapest Keleti - Szolnok - Debrecen - Chop - Mukacheve - Lviv - Kyiv Pasazhyrskyi,2,,Y,Kyiv,Budapest,1171.0,22.5,sleeper,"HU, UA",https://booking.uz.gov.ua/en/,,,
191,UZ,UZ,,,012 L = 012 Š,Zachidny express,012 L: Lviv - Lviv Pidzamche - Ternopil - Khmelnytskyi - Podilsk - Rozdil'na - Odesa Holovna // 012 Š: Odesa Holovna - Podilsk - Khmelnytskyi - Ternopil - Lviv Pidzamche - Lviv,2,,Y,Lviv,Odesa,737.0,14.1,"bunkbed, couchette, sleeper",UA,https://booking.uz.gov.ua/en/,,,
203,UZ,UZ,,,013 K = 013 L,,013 K: Kyiv Pasazhyrskyi - Fastiv - Kozyatyn - Vinnytsia - Khmelnytskyi - Ternopil - Lviv - Stryj - Mukacheve - Solotvyno // 013 L: Solotvyno - Mukacheve - Stryj - Lviv - Ternopil - Khmelnytskyi - Vinnytsia - Kozyatyn - Fastiv - Kyiv Pasazhyrskyi,2,,Y,Kyiv,Solotvyno,1503.0,25.6,"bunkbed, couchette, sleeper",UA,https://booking.uz.gov.ua/en/,,,
150,UZ,UZ,,,015 = 016,Les Kurbas,015: Kharkiv - Poltava - Myrhorod - Lubny - Kyiv Pasazhyrskyi - Lviv - Ivano-Frankivsk - Vorokhta // 016: Vorokhta - Ivano-Frankivsk - Lviv - Kyiv Pasazhyrskyi - Lubny - Myrhorod - Poltava - Kharkiv,2,,Y,Kharkiv,Vorokhta,1337.0,22.6,"couchette, sleeper",UA,https://booking.uz.gov.ua/en/,,,
162,UZ,UZ,,,017 O/045 D = 017 L/045 L,Skovoroda express,017 O/045 D: Kharkiv - Poltava - Myrhorod - Lubny - Kyiv Pasazhyrskyi - Lviv - Stryj - Mukacheve - Uzhhorod // 017 L/045 L: Uzhhorod - Mukacheve - Stryj - Lviv - Kyiv Pasazhyrskyi - Lubny - Myrhorod - Poltava - Kharkiv,2,,Y,Kharkiv,Uzhhorod,1400.0,25.0,"bunkbed, couchette, sleeper",UA,https://booking.uz.gov.ua/en/,,,
153,UZ,UZ,,,019 = 020,,019: Kyiv Pasazhyrskyi - Kovel - Chelm // 020: Chelm - Kovel - Kyiv Pasazhyrskyi,2,,Y,Kyiv,Chelm,540.0,11.6,"couchette, sleeper","UA, PL",https://booking.uz.gov.ua/en/,,,
156,UZ,UZ,,,021 = 022,,021: Kharkiv - Poltava - Myrhorod - Lubny - Kyiv Pasazhyrskyi - Kozyatyn - Vinnytsia - Khmelnytskyi - Ternopil - Lviv // 022: Lviv - Ternopil - Khmelnytskyi - Vinnytsia - Kozyatyn - Kyiv Pasazhyrskyi - Lubny - Myrhorod - Poltava - Kharkiv,2,,Y,Kharkiv,Lviv,1115.0,19.2,"bunkbed, couchette, sleeper",UA,https://booking.uz.gov.ua/en/,,,
152,UZ,UZ,,,023 = 024,,023: Kyiv Pasazhyrskyi - Kovel - Chelm // 024: Chelm - Kovel - Kyiv Pasazhyrskyi,2,,Y,Kyiv,Chelm,540.0,11.6,"couchette, sleeper","UA, PL",https://booking.uz.gov.ua/en/,,,
186,UZ,UZ,,,029 K = 029 L,,029 K: Kyiv Pasazhyrskyi - Lviv - Mukacheve - Uzhhorod // 029 L: Uzhhorod - Mukacheve - Lviv - Kyiv Pasazhyrskyi,2,,Y,Kyiv,Uzhhorod,876.0,15.4,"bunkbed, couchette, sleeper",UA,https://booking.uz.gov.ua/en/,,,
155,UZ,UZ,,,032 D = 032 P,,032 D: Przemyśl Gł. - Lviv - Oleksandriia - Dnipro Holovny - Zaporizhzhia 1 // 032 P: Zaporizhzhia 1 - Dnipro Holovny - Oleksandriia - Lviv - Przemyśl Gł.,2,,Y,Przemyśl,Zaporizhzhia,1305.0,20.9,"couchette, sleeper",UA,https://booking.uz.gov.ua/en/,,,
147,UZ,UZ,,,036 Š = 036 L,,036 Š: Odesa Holovna - Podilsk - Zhmerynka - Khmelnytskyi - Ternopil - Lviv Pidzamche - Lviv - Przemyśl Gł. // 036 L: Przemyśl Gł. - Lviv - Lviv Pidzamche - Ternopil - Khmelnytskyi - Zhmerynka - Podilsk - Odesa Holovna,2,,Y,Odesa,Przemyśl,840.0,16.6,"couchette, sleeper","PL, UA",https://booking.uz.gov.ua/en/,,,
218,UZ,UZ,,,037 = 038 O/Š,,037: Uzhhorod - Mukacheve - Stryj - Lviv - Ternopil - Khmelnytskyi - Zhmerynka - Podilsk - Rozdil'na - Odesa Holovna // 038 O/Š: Odesa Holovna - Rozdil'na - Podilsk - Zhmerynka - Khmelnytskyi - Ternopil - Lviv - Stryj - Mukacheve - Uzhhorod,2,,Y,Uzhhorod,Odesa,1029.0,18.5,"bunkbed, couchette, sleeper",UA,https://booking.uz.gov.ua/en/,,,
189,UZ,UZ,,,038 K = 038 P,,038 K: Kyiv Pasazhyrskyi - Dnipro Holovny - Zaporizhzhia 1 // 038 P: Zaporizhzhia 1 - Dnipro Holovny - Kyiv Pasazhyrskyi,2,,Y,Kyiv,Zaporizhzhia,658.0,10.8,"bunkbed, couchette, sleeper",UA,https://booking.uz.gov.ua/en/,,,
149,UZ,UZ,,,041 = 042,,041: Dnipro Holovny - Oleksandriia - Vinnytsia - Khmelnytskyi - Ternopil - Lviv - Truskavets // 042: Truskavets - Lviv - Ternopil - Khmelnytskyi - Vinnytsia - Oleksandriia - Dnipro Holovny,2,,Y,Dnipro,Truskavets,1238.0,16.9,"bunkbed, couchette, sleeper",UA,https://booking.uz.gov.ua/en/,,,
178,UZ,UZ,,,043 L = 043 Š,Stefania express,043 L: Ivano-Frankivsk - Kalush - Stryj - Lviv - Kyiv Pasazhyrskyi - Cherkasy // 043 Š: Cherkasy - Kyiv Pasazhyrskyi - Lviv - Stryj - Kalush - Ivano-Frankivsk,2,,Y,Ivano-Frankivsk,Cherkasy,956.0,17.6,"bunkbed, couchette, sleeper",UA,https://booking.uz.gov.ua/en/,,,
185,UZ,UZ,,,049 = 050,Kobzar,049: Kyiv Pasazhyrskyi - non-stop - Lviv - Truskavets // 050: Truskavets - Lviv - Kyiv Pasazhyrskyi,2,,Y,Kyiv,Truskavets,702.0,12.6,"bunkbed, couchette, sleeper",UA,https://booking.uz.gov.ua/en/,,,
140,UZ,UZ,,,051 = 052 K,,051: Kyiv Pasazhyrskyi - Lviv - Przemyśl Gł. // 052 K: Przemyśl Gł. - Lviv - Kyiv Pasazhyrskyi,2,,Y,Kyiv,Przemyśl,700.0,12.9,"couchette, sleeper","PL, UA",https://booking.uz.gov.ua/en/,,,
207,UZ,UZ,,,052 P/053 = 052 Š/054,,052 P/053: Dnipro Holovny - Oleksandriia - Kropyvnytskyi - Voznesens'k - Odesa Holovna // 052 Š/054: Odesa Holovna - Voznesens'k - Kropyvnytskyi - Oleksandriia - Dnipro Holovny,2,,Y,Dnipro,Odesa,754.0,9.4,"bunkbed, couchette, sleeper",UA,https://booking.uz.gov.ua/en/,,,
198,UZ,UZ,,,055 = 056,,055: Kyiv Pasazhyrskyi - Fastiv - Kozyatyn - Vinnytsia - Khmelnytskyi - Ternopil - Lviv - Ivano-Frankivsk - Vorokhta - Yasinia - Rakhiv // 056: Rakhiv - Yasinia - Vorokhta - Ivano-Frankivsk - Lviv - Ternopil - Khmelnytskyi - Vinnytsia - Fastiv - Kyiv Pasazhyrskyi,2,,Y,Kyiv,Rakhiv,892.0,,"bunkbed, couchette, sleeper",UA,https://booking.uz.gov.ua/en/,,,
190,UZ,UZ,,,059 K = 060 L,,059 K: Kyiv Pasazhyrskyi - Kozyatyn - Vinnytsia - Khmelnytskyi - Lviv - Uzhhorod - Chop // 060 L: Chop - Uzhhorod - Sambir - Lviv - Vinnytsia - Kozyatyn - Kyiv Pasazhyrskyi,2,,Y,Kyiv,Chop,917.0,15.2,"couchette, sleeper",UA,https://booking.uz.gov.ua/en/,,,
161,UZ,UZ,,,063 = 064,Oberig,063: Kharkiv - Poltava - Myrhorod - Kyiv Pasazhyrskyi - Lviv - Przemyśl Gł. // 064: Przemyśl Gł. - Lviv - Kyiv Pasazhyrskyi - Myrhorod - Poltava - Kharkiv,2,,Y,Kharkiv,Przemyśl,1115.0,19.2,"couchette, sleeper",UA,https://booking.uz.gov.ua/en/,,,
158,UZ,UZ,,,065 K = 065 Š,,065 K: Kharkiv - Dnipro Holovny - Oleksandriia - Uman // 065 Š: Uman - Oleksandriia - Dnipro Holovny - Kharkiv,2,,N,Kharkiv,Uman,817.0,13.8,"bunkbed, couchette, sleeper",UA,https://booking.uz.gov.ua/en/,,,
181,UZ,UZ,,,067 = 068,,067: Kyiv Pasazhyrskyi - Kovel - Chelm - Lublin - Warszawa Wschodnia - Warszawa Centralna - Warszawa Zachodnia // 068: Warszawa Zachodnia - Warszawa Centralna - Warszawa Wschodnia - Lublin - Chelm - Kovel - Kyiv Pasazhyrskyi,2,,Y,Kyiv,Warszawa,867.0,16.7,sleeper,"PL, UA",https://booking.uz.gov.ua/en/,,,
258,UZ,UZ,,,069 = 070,,069: Przemyśl Gł. - Lviv - Ternopil - Khmelnytskyi - Vinnytsia - Kyiv Pasazhyrskyi - Lubny - Kremenchuk // 070: Kremenchuk - Lubny - Kyiv Pasazhyrskyi - Vinnytsia - Khmelnytskyi - Ternopil - Lviv - Przemyśl Gł.,2,,Y,Przemyśl,Kremenchuk,935.0,17.9,sleeper,"PL, UA",https://booking.uz.gov.ua/en/,,,
141,UZ,UZ,,,073 = 074,,073: Kharkiv - Poltava - Myrhorod - Kyiv Pasazhyrskyi - Fastiv - Vinnytsia - Ternopil - Lviv - Przemyśl Gł. // 074: Przemyśl Gł. - Lviv - Ternopil - Khmelnytskyi - Vinnytsia - Kyiv Pasazhyrskyi - Myrhorod - Poltava - Kharkiv,2,,N,Kharkiv,Przemyśl,1212.0,21.7,"couchette, sleeper","PL, UA",https://booking.uz.gov.ua/en/,,,
172,UZ,UZ,,,075 = 076,,075: Kyiv Pasazhyrskyi - Oleksandriia - Kryvyi Rih // 076: Kryvyi Rih - Oleksandriia - Kyiv Pasazhyrskyi,2,,Y,Kyiv,Kryvyi Rih,488.0,7.7,"bunkbed, couchette, sleeper",UA,https://booking.uz.gov.ua/en/,,,
222,UZ,UZ,,,078 L = 078 Š,,078 L: Kovel - Lutsk - Rivne - Vinnytsia - Podilsk - Odesa Holovna // 078 Š: Odesa Holovna - Podilsk - Vinnytsia - Rivne - Lutsk - Kovel,2,,Y,Kovel,Odesa,865.0,20.8,"bunkbed, couchette, sleeper",UA,https://booking.uz.gov.ua/en/,,,
170,UZ,UZ,,,079 = 080,,079: Dnipro Holovny - Oleksandriia - Kyiv Pasazhyrskyi - Lviv // 080: Lviv - Kyiv Pasazhyrskyi - Oleksandriia - Dnipro Holovny,2,,Y,Dnipro,Lviv,1077.0,19.2,"couchette, sleeper",UA,https://booking.uz.gov.ua/en/,,,
227,UZ,UZ,,,081 K = 081 L,,081 K: Kyiv Pasazhyrskyi - Vinnytsia - Khmelnytskyi - Ternopil - Lviv - Stryj - Mukacheve - Chop - Uzhhorod // 081 L: Uzhhorod - Chop - Mukacheve - Stryj - Lviv - Ternopil - Khmelnytskyi - Vinnytsia - Kyiv Pasazhyrskyi,2,,Y,Kyiv,Uzhhorod,922.0,15.4,"bunkbed, couchette, sleeper",UA,https://booking.uz.gov.ua/en/,,,
211,UZ,UZ,,,086 L = 086 P,,086 L: Lviv - Ternopil - Khmelnytskyi - Vinnytsia - Oleksandriia - Dnipro Holovny - Zaporizhzhia 1 // 086 P: Zaporizhzhia 1 - Dnipro Holovny - Oleksandriia - Vinnytsia - Khmelnytskyi - Ternopil - Lviv,2,,Y,Lviv,Zaporizhzhia,1209.0,19.3,"bunkbed, couchette, sleeper",UA,https://booking.uz.gov.ua/en/,,,
209,UZ,UZ,,,088 L = 088 P,,088 L: Kovel - Lutsk - Rivne - Oleksandriia - Dnipro Holovny - Zaporizhzhia 1 // 088 P: Zaporizhzhia 1 - Dnipro Holovny - Oleksandriia - Rivne - Lutsk - Kovel,2,,Y,Kovel,Zaporizhzhia,1110.0,17.9,"bunkbed, couchette",UA,https://booking.uz.gov.ua/en/,,,
197,UZ,UZ,,,091 = 092,,091: Kyiv Pasazhyrskyi - Kyiv Sviatoshyn - Lviv Pidzamche - Lviv // 092: Lviv - Lviv Pidzamche - Kyiv Sviatoshyn - Kyiv Pasazhyrskyi,2,,Y,Kyiv,Lviv,564.0,11.2,"couchette, sleeper",UA,https://booking.uz.gov.ua/en/,,,
208,UZ,UZ,,,093 = 094,,093: Kharkiv - Poltava - Myrhorod - Lubny - Kyiv Pasazhyrskyi - Rivne - Kovel - Chelm // 094: Chelm - Kovel - Rivne - Kyiv Pasazhyrskyi - Lubny - Myrhorod - Poltava - Kharkiv,2,,Y,Kharkiv,Chelm,1160.0,19.8,"couchette, sleeper",UA,https://booking.uz.gov.ua/en/,,,
199,UZ,UZ,,,095 = 096,,095: Kyiv Pasazhyrskyi - Lviv - Ivano-Frankivsk - Vorokhta - Yasinia - Rakhiv // 096: Rakhiv - Yasinia - Vorokhta - Ivano-Frankivsk - Lviv - Kyiv Pasazhyrskyi,2,,Y,Kyiv,Rakhiv,892.0,,"bunkbed, couchette, sleeper",UA,https://booking.uz.gov.ua/en/,,,
182,UZ,UZ,,,097 = 098,,097: Kyiv Pasazhyrskyi - Rivne - Lutsk - Kivertsi - Kovel // 098: Kovel - Lutsk - Rivne - Fastiv - Kyiv Pasazhyrskyi,2,,Y,Kyiv,Kovel,529.0,16.0,"bunkbed, couchette, sleeper",UA,https://booking.uz.gov.ua/en/,,,
174,UZ,UZ,,,099 = 100,,099: Kyiv Pasazhyrskyi - Vinnytsia - Zhmerynka - Nicolina - Iași - Mizil - Ploiești Sud - București Nord // 100: București Nord - Ploiești Sud - Mizil - Buzău - Focșani - Adjud - Bacău - Roman - Zhmerynka - Vinnytsia - Kyiv Pasazhyrskyi,2,,Y,Kyiv,București,653.0,10.1,couchette,"UA, MD, RO",https://booking.uz.gov.ua/en/,,,
173,UZ,UZ,,,105 = 106,,105: Kyiv Pasazhyrskyi - Kozyatyn - Vinnytsia - Zhmerynka - Podilsk - Rozdil'na - Odesa Holovna // 106: Odesa Holovna - Rozdil'na - Podilsk - Zhmerynka - Vinnytsia - Kozyatyn - Kyiv Pasazhyrskyi,2,,Y,Kyiv,Odesa,653.0,10.1,"couchette, sleeper",UA,https://booking.uz.gov.ua/en/,,,
213,UZ,UZ,,,109 = 110,,109: Kherson - Mykolaiv - Vinnytsia - Zhmerynka - Khmelnytskyi - Ternopil - Lviv // 110: Lviv - Ternopil - Khmelnytskyi - Zhmerynka - Vinnytsia - Mykolaiv - Kherson,2,,Y,Kherson,Lviv,1199.0,,"bunkbed, couchette, sleeper",UA,https://booking.uz.gov.ua/en/,,,
151,UZ,UZ,,,112 L = 112 P,,112 L: Lviv - Kyiv Pasazhyrskyi - Lubny - Myrhorod - Poltava - Kharkiv - Izyum // 112 P: Izyum - Kharkiv - Poltava - Myrhorod - Lubny - Kyiv Pasazhyrskyi - Lviv,2,,Y,Lviv,Izyum,1242.0,,"bunkbed, couchette, sleeper",UA,https://booking.uz.gov.ua/en/,,,
157,UZ,UZ,,,113 = 114,,113: Kharkiv - Sumy - Konotop - Kyiv Pasazhyrskyi - Fastiv - Korosten - Kovel - Chervonohrad - Lviv // 114: Lviv - Chervonohrad - Kovel - Korosten - Fastiv - Kyiv Pasazhyrskyi - Konotop - Sumy - Kharkiv,2,,Y,Kharkiv,Lviv,1108.0,,"bunkbed, couchette, sleeper",UA,https://booking.uz.gov.ua/en/,,,
200,UZ,UZ,,,121 = 122,,121: Kherson - Mykolaiv - Kyiv Pasazhyrskyi // 122: Kyiv Pasazhyrskyi - Mykolaiv - Kherson,2,,Y,Kherson,Kyiv,677.0,,"bunkbed, couchette, sleeper",UA,https://booking.uz.gov.ua/en/,,,
212,UZ,UZ,,,128 L = 128 P,,128 L: Lviv - Lviv Pidzamche - Ternopil - Khmelnytskyi - Zhmerynka - Oleksandriia - Kryvyi Rih - Dnipro Holovny - Zaporizhzhia 1 // 128 P: Zaporizhzhia 1 - Dnipro Holovny - Kryvyi Rih - Oleksandriia - Zhmerynka - Khmelnytskyi - Ternopil - Lviv Pidzamche - Lviv Pidzamche,2,,Y,Lviv,Zaporizhzhia,1209.0,,"bunkbed, couchette, sleeper",UA,https://booking.uz.gov.ua/en/,,,
219,UZ,UZ,,,136 L = 136 Š,,136 L: Chernivtsi - Ivano-Frankivsk - Lviv - Ternopil - Khmelnytskyi - Zhmerynka - Podilsk - Odesa Holovna // 136 Š: Odesa Holovna - Podilsk - Zhmerynka - Khmelnytskyi - Ternopil - Lviv - Ivano-Frankivsk - Chernivtsi,2,,Y,Chernivtsi,Odesa,1011.0,,"bunkbed, couchette, sleeper",UA,https://booking.uz.gov.ua/en/,,,
180,UZ,UZ,,,139 = 140,,139: Kyiv Pasazhyrskyi - Fastiv - Kamianets-Podilskyi // 140: Kamianets-Podilskyi - Fastiv - Kyiv Pasazhyrskyi,2,,Y,Kyiv,Kamianets-Podilskyi,458.0,,"bunkbed, couchette, sleeper",UA,https://booking.uz.gov.ua/en/,,,
166,UZ,UZ,,,141 = 142,,141: Ivano-Frankivsk - Lviv - Ternopil - Khmelnytskyi - Vinnytsia - Kyiv Pasazhyrskyi - Chernihiv // 142: Chernihiv - Kyiv Pasazhyrskyi - Vinnytsia - Khmelnytskyi - Ternopil - Lviv - Ivano-Frankivsk,2,,Y,Ivano-Frankivsk,Chernihiv,961.0,,"bunkbed, couchette, sleeper",UA,https://booking.uz.gov.ua/en/,,,
177,UZ,UZ,,,143 = 144,,143: Sumy - Konotop - Kyiv Pasazhyrskyi - Vinnytsia - Khmelnytskyi - Ternopil - Lviv - Ivano-Frankivsk - Yasinia - Rakhiv // 144: Rakhiv - Yasinia - Ivano-Frankivsk - Lviv - Ternopil - Khmelnytskyi - Vinnytsia - Kyiv Pasazhyrskyi - Konotop - Sumy,2,,Y,Sumy,Rakhiv,1243.0,,"bunkbed, couchette, sleeper",UA,https://booking.uz.gov.ua/en/,,,
167,UZ,UZ,,,149 = 150,,149: Poltava - Myrhorod - Lubny - Kyiv Pasazhyrskyi - Lviv - Ivano-Frankivsk - Chernivtsi // 150: Chernivtsi - Ivano-Frankivsk - Lviv - Kyiv Pasazhyrskyi - Lubny - Myrhorod - Poltava,2,,Y,Poltava,Chernivtsi,1073.0,20.6,"bunkbed, couchette, sleeper",UA,https://booking.uz.gov.ua/en/,,,
175,UZ,UZ,,,181 L = 181 P,,181 L: Ivano-Frankivsk - Lviv - Ternopil - Khmelnytskyi - Vinnytsia - Oleksandriia - Dnipro Holovny // 181 P: Dnipro Holovny - Oleksandriia - Vinnytsia - Khmelnytskyi - Ternopil - Lviv - Ivano-Frankivsk,2,,Y,Ivano-Frankivsk,Dnipro,1221.0,21.9,"bunkbed, couchette, sleeper",UA,https://booking.uz.gov.ua/en/,,,
210,UZ,UZ,,,192 P = 192 Š,,192 P: Kramatorsk - Sloviansk - Dnipro Holovny - Oleksandriia - Podilsk - Odesa Holovna // 192 Š: Odesa Holovna - Podilsk - Oleksandriia - Dnipro Holovny - Sloviansk - Kramatorsk,2,,Y,Kramatorsk,Odesa,1278.0,19.9,"bunkbed, couchette, sleeper",UA,https://booking.uz.gov.ua/en/,,,
201,UZ,UZ,,,194 L = 194 P,,194 L: Yasinia - Vorokhta - Ivano-Frankivsk - Lviv - Kyiv Pasazhyrskyi - Oleksandriia - Kryvyi Rih // 194 P: Kryvyi Rih - Oleksandriia - Kyiv Pasazhyrskyi - Lviv - Ivano-Frankivsk - Vorokhta - Yasinia,2,,Y,Yasinia,Kryvyi Rih,1288.0,,"bunkbed, couchette, sleeper",UA,https://booking.uz.gov.ua/en/,,,
196,UZ,UZ,,,357 = 358,,357: Kyiv Pasazhyrskyi - Fastiv - Vinnytsia - Khmelnytskyi - Ternopil - Vorokhta - Yasinia // 358: Yasinia - Vorokhta - Ternopil - Khmelnytskyi - Vinnytsia - Fastiv - Kyiv Pasazhyrskyi,2,,Y,Kyiv,Yasinia,872.0,,"bunkbed, couchette, sleeper",UA,https://booking.uz.gov.ua/en/,,,
195,UZ/CFM,UZ,CFM,,351 K = 351 L,,351 K: Kyiv Pasazhyrskyi - Vinnytsia - Zhmerynka - Vălcineț - Bălți Oras - Chişinău // 351 L: Chişinău - Bălți Oras - Vălcineț - Zhmerynka - Vinnytsia - Kyiv Pasazhyrskyi,2,,Y,Kyiv,Chişinău,720.0,,"bunkbed, couchette, sleeper","UA, MD",https://booking.uz.gov.ua/en/,,,
60,UZ/ÖBB,UZ,ÖBB,,40149 = 40749,,40149: Wien Westbf - Wien Meidling - Wien Hbf - Hegyeshalom - Győr - Budapest Kelenföld - Szolnok - Debrecen - Nyíregyháza - Chop - Mukacheve - Stryj - Stryj - Kyiv Pasazhyrskyi // 40749: Kyiv Pasazhyrskyi - Lviv - Stryj - Mukacheve - Chop - Záhony - Nyíregyháza - Debrecen - Szolnok - Cegléd - Budapest Kelenföld - Győr - Hegyeshalom - Hegyeshalom - Wien Hbf,2,,Y,Wien,Kyiv,1477.0,25.8,sleeper,"AT, HU, UA",https://booking.uz.gov.ua/en/,,,
72,VR,VR,,,IC 265 = IC 274,,IC 265: Helsinki / Helsingfors - Riihimäki - Tampere - Seinäjoki - Oulu - Kemi - Rovaniemi - Kemijärvi // IC 274: Kemijärvi - Rovaniemi - Kemi - Oulu - Seinäjoki - Tampere - Riihimäki - Riihimäki - Helsinki / Helsingfors,2,,Y,Helsinki,Kemijärvi,983.0,13.8,"seat, sleeper",FI,https://www.vr.fi/en/,,https://back-on-track.eu/wp-content/uploads/2025/03/800_CC-BY_back-on-track_eu_VR_New.jpeg,
91,VR,VR,,,IC 266 (H) = IC 273,,IC 266 (H): Rovaniemi - Kemi - Oulu - Ylivieska - Kokkola - Tampere - Toijala - Riihimäki - Helsinki / Helsingfors // IC 273: Helsinki / Helsingfors - Riihimäki - Seinäjoki - Kokkola - Ylivieska - Oulu - Kemi - Rovaniemi,2,,Y,Rovaniemi,Helsinki,899.0,12.1,"seat, sleeper",FI,https://www.vr.fi/en/,,https://back-on-track.eu/wp-content/uploads/2025/03/800_CC-BY_back-on-track_eu_VR_New.jpeg,
90,VR,VR,,,IC 266 (T) = IC 933,,IC 266 (T): Rovaniemi - Kemi - Oulu - Ylivieska - Kokkola - Tampere - Turku / Åbo - Turku satama / Åbo hamn // IC 933: Turku satama / Åbo hamn - Turku / Åbo - Toijala - Tampere - Kokkola - Ylivieska - Oulu - Kemi - Rovaniemi,2,,Y,Rovaniemi,Turku,899.0,11.3,"seat, sleeper",FI,https://www.vr.fi/en/,,https://back-on-track.eu/wp-content/uploads/2025/03/800_CC-BY_back-on-track_eu_VR_New.jpeg,
98,VR,VR,,,P 269 = P 276,,P 269: Helsinki / Helsingfors - Riihimäki - Tampere - Oulu - Tornio-Itäinen - Kolari // P 276: Kolari - Tornio-Itäinen - Oulu - Tampere - Riihimäki - Helsinki / Helsingfors,2,,Y,Helsinki,Kolari,989.0,13.9,"seat, sleeper",FI,https://www.vr.fi/en/,,https://back-on-track.eu/wp-content/uploads/2025/03/800_CC-BY_back-on-track_eu_VR_New.jpeg,
69,VY,VY,,,605 = 606,F4,605: Oslo S - Sandvika - Asker - Drammen - Hokksund - Myrdal - Dale - Bergen // 606: Bergen - Dale - Myrdal - Hokksund - Drammen - Asker - Sandvika - Oslo S,2,,Y,Oslo,Bergen,482.0,0.16,"seat, couchette, sleeper",NO,https://www.vy.se/,,,
130,ŽS/ŽPCG,ŽS,ŽPCG,,433 = 1130 / 432,Lovćen,433: Zemun - Beograd Centar - Rakovica - Lazarevac - Lajkovac - Valjevo - Kosjerić - Požega - Užice - Priboj - Kolašin - Podgorica - Golubovci - Golubovci - Bar // 1130 / 432: Bar - Sutomore - Golubovci - Podgorica - Kolašin - Mojkovac - Bijelo Polje - Prijepolje teretna - Prijepolje - Kosjerić - Lajkovac - Lazarevac - Rakovica - Rakovica - Beograd Centar - Zemun,2,,Y,,Bar,469.0,13.7,"seat, couchette, sleeper","RS, ME",https://discoverbyrail.com/booking-train-tickets/,,,
123,ZSSK,ZSSK,,,R 680 = R 681,Zemplín,R 680: Humenné - Strážske - Michalovce - Bánovce nad Ondavou - Trebišov - Košice - Kysak - Margecany - Spišská Nová Ves - Poprad Tatry - Trnava - Bratislava-Vinohrady - Bratislava hl.st. // R 681: Bratislava hl.st. - Bratislava-Vinohrady - Trnava - Leopoldov - Piešťany - Nové Mesto nad Váhom - Trenčín - Trenčianska Teplá - Púchov - Košice - Trebišov - Bánovce nad Ondavou - Michalovce - Michalovce - Humenné,2,,Y,Humenné,Bratislava,529.0,4.7,"seat, couchette, sleeper",SK,https://www.zssk.sk/en/night-trains/,,,
6,ZSSK,ZSSK,,,EN 442 = EN 443,Slovakia,EN 442: Humenné - Strážske - Michalovce - Bánovce nad Ondavou - Trebišov - Košice - Kysak - Margecany - Spišská Nová Ves - Poprad Tatry - Liptovský Mikuláš - Ružomberok - Ružomberok - Olomouc hl.n. - Česká Třebová - Pardubice hl.n. - Praha hl.n. // EN 443: Praha hl.n. - Kolín - Pardubice hl.n. - Česká Třebová - Olomouc hl.n. - Kraľovany - Ružomberok - Liptovský Mikuláš - Štrba - Poprad Tatry - Spišská Nová Ves - Margecany - Kysak - Kysak - Trebišov - Bánovce nad Ondavou - Michalovce - Strážske - Humenné,2,,Y,Humenné,Praha,745.0,12.6,"seat, couchette, sleeper","SK, CZ",https://www.zssk.sk/en/night-trains/,,,
115,ZSSK,ZSSK,,,EN 1152 = EN 1153,,EN 1152: Split - Knin - Zagreb Gl. K. - Maribor - Graz Hbf - Bruck an der Mur - Wiener Neustadt Hbf - Wien Meidling - Wien Hbf - Wien Hbf (Autoreisezuganlage) - Bratislava Petržalka - Bratislava Nové Mesto // EN 1153: Bratislava Nové Mesto - Bratislava Petržalka - Wien Hbf - Wien Meidling - Wiener Neustadt Hbf - Bruck an der Mur - Graz Hbf - Maribor - Zagreb Gl. K. - Knin - Split,2,,Y,Split,Bratislava,931.0,7.2,"seat, couchette, sleeper","SK, AT, SI, HR",https://www.nightjet.com/,,,
