origin,destination,vehicule_type,station_lat,station_long,station_lat_dest,station_long_dest,departure_time,arrival_time,shape_distance_km,source,provider
București Nord,Arad,InterCity,44.44677,26.07441,46.19134,21.32492,2026-03-16 19:28:00,2026-03-16 08:15:00,,back_on_track,BackOnTrack
București Nord,Arad,InterCity,44.44677,26.07441,46.19134,21.32492,2026-03-16 19:28:00,2026-03-16 08:15:00,,back_on_track,BackOnTrack
Arad,București Nord,InterCity,46.19134,21.32492,44.44677,26.07441,2026-03-16 19:05:00,2026-03-16 07:29:00,,back_on_track,BackOnTrack
Arad,București Nord,InterCity,46.19134,21.32492,44.44677,26.07441,2026-03-16 19:05:00,2026-03-16 07:29:00,,back_on_track,BackOnTrack
Varna,Sofia,InterCity,,,,,2026-03-16 21:40:00,2026-03-16 05:45:00,,back_on_track,BackOnTrack
Sofia,Varna,InterCity,,,,,2026-03-16 23:00:00,2026-03-16 06:52:00,,back_on_track,BackOnTrack
Dobrich,Sofia,InterCity,,,,,2026-03-16 20:35:00,2026-03-16 05:45:00,,back_on_track,BackOnTrack
Sofia,Dobrich,InterCity,,,,,2026-03-16 23:00:00,2026-03-16 08:05:00,,back_on_track,BackOnTrack
Varna,Sofia,InterCity,,,,,2026-03-16 23:40:00,2026-03-16 09:00:00,,back_on_track,BackOnTrack
Sofia,Varna,InterCity,,,,,2026-03-16 23:05:00,2026-03-16 07:16:00,,back_on_track,BackOnTrack
Burgas,Sofia,InterCity,,,,,2026-03-16 22:50:00,2026-03-16 05:13:00,,back_on_track,BackOnTrack
Sofia,Burgas,InterCity,,,,,2026-03-16 23:40:00,2026-03-16 05:55:00,,back_on_track,BackOnTrack
Burgas,Sofia,InterCity,,,,,2026-03-16 23:00:00,2026-03-16 05:45:00,,back_on_track,BackOnTrack
Sofia,Burgas,InterCity,,,,,2026-03-16 22:50:00,2026-03-16 05:50:00,,back_on_track,BackOnTrack
Varna,Sofia,InterCity,,,,,2026-03-16 23:45:00,2026-03-16 09:00:00,,back_on_track,BackOnTrack
Sofia,Varna,InterCity,,,,,2026-03-16 21:00:00,2026-03-16 05:42:00,,back_on_track,BackOnTrack
Silistra,Sofia,InterCity,,,,,2026-03-16 18:20:00,2026-03-16 05:46:00,,back_on_track,BackOnTrack
Sofia,Silistra,InterCity,,,,,2026-03-16 20:10:00,2026-03-16 07:20:00,,back_on_track,BackOnTrack
Praha hl.n.,Zürich HB,InterCity,50.08321,14.43531,47.37818,8.54021,2026-03-16 18:28:00,2026-03-16 08:30:00,,back_on_track,BackOnTrack
Praha hl.n.,Zürich HB,InterCity,50.08321,14.43531,47.37818,8.54021,2026-03-16 18:28:00,2026-03-16 08:30:00,,back_on_track,BackOnTrack
Zürich HB,Praha hl.n.,EuroNight,47.37818,8.54021,50.08321,14.43531,2026-03-16 19:59:00,2026-03-16 09:23:00,,back_on_track,BackOnTrack
Zürich HB,Praha hl.n.,EuroNight,47.37818,8.54021,50.08321,14.43531,2026-03-16 19:59:00,2026-03-16 09:23:00,,back_on_track,BackOnTrack
Budapest-Nyugati,Berlin Hbf,EuroNight,47.51068,19.05769,52.52508,13.3694,2026-03-16 19:30:00,2026-03-16 08:14:00,,back_on_track,BackOnTrack
Praha hl.n.,Budapest Nyugati,EuroNight,50.08321,14.43531,47.51133,19.05866,2026-03-16 22:03:00,2026-03-16 08:29:00,,back_on_track,BackOnTrack
București Nord,Budapest Keleti,InterCity,44.44677,26.07441,47.50059,19.08426,2026-03-16 21:00:00,2026-03-16 12:50:00,,back_on_track,BackOnTrack
Budapest Keleti,București Nord,InterCity,47.50059,19.08426,44.44677,26.07441,2026-03-16 15:10:00,2026-03-16 08:42:00,,back_on_track,BackOnTrack
Brașov,Budapest Keleti,InterCity,45.64379,25.58684,47.50059,19.08426,2026-03-16 18:51:00,2026-03-16 09:55:00,,back_on_track,BackOnTrack
Brașov,Budapest Keleti,InterCity,45.64379,25.58684,47.50059,19.08426,2026-03-16 18:51:00,2026-03-16 09:55:00,,back_on_track,BackOnTrack
Budapest Keleti,Brașov,InterCity,47.50059,19.08426,45.64379,25.58684,2026-03-16 17:40:00,2026-03-16 09:43:00,,back_on_track,BackOnTrack
Budapest Keleti,Brașov,InterCity,47.50059,19.08426,45.64379,25.58684,2026-03-16 17:40:00,2026-03-16 09:43:00,,back_on_track,BackOnTrack
București Nord,Wien Hbf,InterCity,44.44677,26.07441,48.1851,16.37711,2026-03-16 14:07:00,2026-03-16 08:21:00,,back_on_track,BackOnTrack
Wien Hbf,București Nord,InterCity,48.1851,16.37711,44.44677,26.07441,2026-03-16 19:42:00,2026-03-16 15:06:00,,back_on_track,BackOnTrack
București Nord,Budapest Keleti,InterCity,44.44677,26.07441,47.50059,19.08426,2026-03-16 18:25:00,2026-03-16 08:50:00,,back_on_track,BackOnTrack
Budapest-Keleti,București Nord,InterCity,47.50044,19.08399,44.44677,26.07441,2026-03-16 19:10:00,2026-03-16 11:35:00,,back_on_track,BackOnTrack
Sighetu Marmației,București Nord,InterCity,47.93573,23.88554,44.44677,26.07441,2026-03-16 15:52:00,2026-03-16 07:04:00,,back_on_track,BackOnTrack
Sighetu Marmației,București Nord,InterCity,47.93573,23.88554,44.44677,26.07441,2026-03-16 15:52:00,2026-03-16 07:04:00,,back_on_track,BackOnTrack
București Nord,Sighetu Marmației,InterCity,44.44677,26.07441,47.93573,23.88554,2026-03-16 21:01:00,2026-03-16 10:00:00,,back_on_track,BackOnTrack
București Nord,Sighetu Marmației,InterCity,44.44677,26.07441,47.93573,23.88554,2026-03-16 21:01:00,2026-03-16 10:00:00,,back_on_track,BackOnTrack
Bistrița Nord,București Nord,InterCity,47.13248,24.4839,44.44677,26.07441,2026-03-16 21:25:00,2026-03-16 06:20:00,,back_on_track,BackOnTrack
Bistrița Nord,București Nord,InterCity,47.13248,24.4839,44.44677,26.07441,2026-03-16 21:25:00,2026-03-16 06:20:00,,back_on_track,BackOnTrack
București Nord,Bistrița Nord,InterCity,44.44677,26.07441,47.13248,24.4839,2026-03-16 21:03:00,2026-03-16 05:57:00,,back_on_track,BackOnTrack
București Nord,Bistrița Nord,InterCity,44.44677,26.07441,47.13248,24.4839,2026-03-16 21:03:00,2026-03-16 05:57:00,,back_on_track,BackOnTrack
București Nord,Cluj-Napoca,InterCity,44.44677,26.07441,46.7842,23.58662,2026-03-16 21:03:00,2026-03-16 07:02:00,,back_on_track,BackOnTrack
Cluj-Napoca,București Nord,InterCity,46.7842,23.58662,44.44677,26.07441,2026-03-16 20:03:00,2026-03-16 06:20:00,,back_on_track,BackOnTrack
București Nord,Satu Mare,InterCity,44.44677,26.07441,47.79629,22.8946,2026-03-16 21:01:00,2026-03-16 10:39:00,,back_on_track,BackOnTrack
București Nord,Satu Mare,InterCity,44.44677,26.07441,47.79629,22.8946,2026-03-16 21:01:00,2026-03-16 10:39:00,,back_on_track,BackOnTrack
Satu Mare,București Nord,InterCity,47.79629,22.8946,44.44677,26.07441,2026-03-16 16:20:00,2026-03-16 06:20:00,,back_on_track,BackOnTrack
Satu Mare,București Nord,InterCity,47.79629,22.8946,44.44677,26.07441,2026-03-16 16:20:00,2026-03-16 06:20:00,,back_on_track,BackOnTrack
București Nord,Vatra Dornei Băi,InterCity,44.44677,26.07441,47.34743,25.35576,2026-03-16 22:35:00,2026-03-16 07:34:00,,back_on_track,BackOnTrack
Vatra Dornei Băi,București Nord,InterCity,47.34743,25.35576,44.44677,26.07441,2026-03-16 20:28:00,2026-03-16 05:56:00,,back_on_track,BackOnTrack
București Nord,Iași,InterCity,44.44677,26.07441,47.15723,27.60345,2026-03-16 22:50:00,2026-03-16 05:26:00,,back_on_track,BackOnTrack
București Nord,Iași,InterCity,44.44677,26.07441,47.15723,27.60345,2026-03-16 22:50:00,2026-03-16 05:26:00,,back_on_track,BackOnTrack
Iași,București Nord,InterCity,47.15723,27.60345,44.44677,26.07441,2026-03-16 22:45:00,2026-03-16 05:28:00,,back_on_track,BackOnTrack
Iași,București Nord,InterCity,47.15723,27.60345,44.44677,26.07441,2026-03-16 22:45:00,2026-03-16 05:28:00,,back_on_track,BackOnTrack
București Nord,Oradea,InterCity,44.44677,26.07441,47.07012,21.93653,2026-03-16 21:00:00,2026-03-16 11:50:00,,back_on_track,BackOnTrack
București Nord,Oradea,InterCity,44.44677,26.07441,47.07012,21.93653,2026-03-16 21:00:00,2026-03-16 11:50:00,,back_on_track,BackOnTrack
Oradea,București Nord,InterCity,47.07012,21.93653,44.44677,26.07441,2026-03-16 18:04:00,2026-03-16 08:42:00,,back_on_track,BackOnTrack
Oradea,București Nord,InterCity,47.07012,21.93653,44.44677,26.07441,2026-03-16 18:04:00,2026-03-16 08:42:00,,back_on_track,BackOnTrack
Iași,Timişoara Nord,InterCity,47.15723,27.60345,45.7509,21.20805,2026-03-16 15:35:00,2026-03-16 08:56:00,,back_on_track,BackOnTrack
Iași,Timişoara Nord,InterCity,47.15723,27.60345,45.7509,21.20805,2026-03-16 15:35:00,2026-03-16 08:56:00,,back_on_track,BackOnTrack
Timişoara Nord,Iași,InterCity,45.7509,21.20805,47.15723,27.60345,2026-03-16 14:51:00,2026-03-16 08:13:00,,back_on_track,BackOnTrack
Timişoara Nord,Iași,InterCity,45.7509,21.20805,47.15723,27.60345,2026-03-16 14:51:00,2026-03-16 08:13:00,,back_on_track,BackOnTrack
București Nord,Arad,InterCity,44.44677,26.07441,46.19134,21.32492,2026-03-16 23:28:00,2026-03-16 11:24:00,,back_on_track,BackOnTrack
București Nord,Arad,InterCity,44.44677,26.07441,46.19134,21.32492,2026-03-16 23:28:00,2026-03-16 11:24:00,,back_on_track,BackOnTrack
Arad,București Nord,InterCity,46.19134,21.32492,44.44677,26.07441,2026-03-16 17:48:00,2026-03-16 05:25:00,,back_on_track,BackOnTrack
Arad,București Nord,InterCity,46.19134,21.32492,44.44677,26.07441,2026-03-16 17:48:00,2026-03-16 05:25:00,,back_on_track,BackOnTrack
Iași,Cluj-Napoca,InterCity,47.15723,27.60345,46.7842,23.58662,2026-03-16 20:40:00,2026-03-16 05:20:00,,back_on_track,BackOnTrack
Iași,Cluj-Napoca,InterCity,47.15723,27.60345,46.7842,23.58662,2026-03-16 20:40:00,2026-03-16 05:20:00,,back_on_track,BackOnTrack
Cluj-Napoca,Iași,InterCity,46.7842,23.58662,47.15723,27.60345,2026-03-16 20:30:00,2026-03-16 05:10:00,,back_on_track,BackOnTrack
Cluj-Napoca,Iași,InterCity,46.7842,23.58662,47.15723,27.60345,2026-03-16 20:30:00,2026-03-16 05:10:00,,back_on_track,BackOnTrack
Constanța,Oradea,InterCity,44.16877,28.63189,47.07012,21.93653,2026-03-16 18:43:00,2026-03-16 12:40:00,,back_on_track,BackOnTrack
Constanța,Oradea,InterCity,44.16877,28.63189,47.07012,21.93653,2026-03-16 18:43:00,2026-03-16 12:40:00,,back_on_track,BackOnTrack
Constanța,Oradea,InterCity,44.16877,28.63189,47.07012,21.93653,2026-03-16 18:43:00,2026-03-16 12:40:00,,back_on_track,BackOnTrack
Constanța,Oradea,InterCity,44.16877,28.63189,47.07012,21.93653,2026-03-16 18:43:00,2026-03-16 12:40:00,,back_on_track,BackOnTrack
Oradea,Constanța,InterCity,47.07012,21.93653,44.16877,28.63189,2026-03-16 14:20:00,2026-03-16 08:31:00,,back_on_track,BackOnTrack
Oradea,Constanța,InterCity,47.07012,21.93653,44.16877,28.63189,2026-03-16 14:20:00,2026-03-16 08:31:00,,back_on_track,BackOnTrack
Oradea,Constanța,InterCity,47.07012,21.93653,44.16877,28.63189,2026-03-16 14:20:00,2026-03-16 08:31:00,,back_on_track,BackOnTrack
Oradea,Constanța,InterCity,47.07012,21.93653,44.16877,28.63189,2026-03-16 14:20:00,2026-03-16 08:31:00,,back_on_track,BackOnTrack
Satu Mare,Mangalia,InterCity,47.79629,22.8946,43.82291,28.58205,2026-03-16 12:20:00,2026-03-16 07:30:00,,back_on_track,BackOnTrack
Satu Mare,Mangalia,InterCity,47.79629,22.8946,43.82291,28.58205,2026-03-16 12:20:00,2026-03-16 07:30:00,,back_on_track,BackOnTrack
Satu Mare,Mangalia,InterCity,47.79629,22.8946,43.82291,28.58205,2026-03-16 12:20:00,2026-03-16 07:30:00,,back_on_track,BackOnTrack
Satu Mare,Mangalia,InterCity,47.79629,22.8946,43.82291,28.58205,2026-03-16 12:20:00,2026-03-16 07:30:00,,back_on_track,BackOnTrack
Mangalia,Satu Mare,InterCity,43.82291,28.58205,47.79629,22.8946,2026-03-16 14:26:00,2026-03-16 09:39:00,,back_on_track,BackOnTrack
Mangalia,Satu Mare,InterCity,43.82291,28.58205,47.79629,22.8946,2026-03-16 14:26:00,2026-03-16 09:39:00,,back_on_track,BackOnTrack
Mangalia,Satu Mare,InterCity,43.82291,28.58205,47.79629,22.8946,2026-03-16 14:26:00,2026-03-16 09:39:00,,back_on_track,BackOnTrack
Mangalia,Satu Mare,InterCity,43.82291,28.58205,47.79629,22.8946,2026-03-16 14:26:00,2026-03-16 09:39:00,,back_on_track,BackOnTrack
Suceava Nord,Constanța,InterCity,47.67639,26.23626,44.16877,28.63189,2026-03-16 20:25:00,2026-03-16 03:59:00,,back_on_track,BackOnTrack
Suceava Nord,Constanța,InterCity,47.67639,26.23626,44.16877,28.63189,2026-03-16 20:25:00,2026-03-16 03:59:00,,back_on_track,BackOnTrack
Suceava Nord,Constanța,InterCity,47.67639,26.23626,44.16877,28.63189,2026-03-16 20:25:00,2026-03-16 03:59:00,,back_on_track,BackOnTrack
Suceava Nord,Constanța,InterCity,47.67639,26.23626,44.16877,28.63189,2026-03-16 20:25:00,2026-03-16 03:59:00,,back_on_track,BackOnTrack
Constanța,Suceava Nord,InterCity,44.16877,28.63189,47.67639,26.23626,2026-03-16 23:30:00,2026-03-16 07:16:00,,back_on_track,BackOnTrack
Constanța,Suceava Nord,InterCity,44.16877,28.63189,47.67639,26.23626,2026-03-16 23:30:00,2026-03-16 07:16:00,,back_on_track,BackOnTrack
Constanța,Suceava Nord,InterCity,44.16877,28.63189,47.67639,26.23626,2026-03-16 23:30:00,2026-03-16 07:16:00,,back_on_track,BackOnTrack
Constanța,Suceava Nord,InterCity,44.16877,28.63189,47.67639,26.23626,2026-03-16 23:30:00,2026-03-16 07:16:00,,back_on_track,BackOnTrack
Chişinău,București Nord,InterCity,47.01287,28.86019,44.44677,26.07441,2026-03-16 17:05:00,2026-03-16 06:47:00,,back_on_track,BackOnTrack
București Nord,Chişinău,InterCity,44.44677,26.07441,47.01287,28.86019,2026-03-16 19:10:00,2026-03-16 08:44:00,,back_on_track,BackOnTrack
London Euston,Aberdeen,InterCity,51.52817,-0.13308,57.14469,-2.0964,2026-03-16 21:15:00,2026-03-16 07:40:00,,back_on_track,BackOnTrack
Aberdeen,London Euston,InterCity,57.14469,-2.0964,51.52817,-0.13308,2026-03-16 21:43:00,2026-03-16 08:00:00,,back_on_track,BackOnTrack
London Euston,Fort William / An Gearasdan,InterCity,51.52817,-0.13308,,,2026-03-16 21:15:00,2026-03-16 10:00:00,,back_on_track,BackOnTrack
Fort William / An Gearasdan,London Euston,InterCity,,,51.52817,-0.13308,2026-03-16 19:50:00,2026-03-16 08:00:00,,back_on_track,BackOnTrack
London Euston,Inverness / Inbhir Nis,InterCity,51.52817,-0.13308,,,2026-03-16 21:15:00,2026-03-16 08:45:00,,back_on_track,BackOnTrack
Inverness / Inbhir Nis,London Euston,InterCity,,,51.52817,-0.13308,2026-03-16 20:45:00,2026-03-16 08:00:00,,back_on_track,BackOnTrack
London Euston,Glasgow Central,InterCity,51.52817,-0.13308,55.85858,-4.25838,2026-03-16 23:45:00,2026-03-16 07:30:00,,back_on_track,BackOnTrack
Glasgow Central,London Euston,InterCity,55.85858,-4.25838,51.52817,-0.13308,2026-03-16 23:40:00,2026-03-16 07:15:00,,back_on_track,BackOnTrack
London Euston,Edinburgh Waverley,InterCity,51.52817,-0.13308,55.9544,-3.18441,2026-03-16 23:45:00,2026-03-16 07:30:00,,back_on_track,BackOnTrack
Edinburgh Waverley,London Euston,InterCity,55.9544,-3.18441,51.52817,-0.13308,2026-03-16 23:40:00,2026-03-16 07:15:00,,back_on_track,BackOnTrack
Praha hl.n.,Bruxelles Midi / Brussel Zuid,InterCity,50.08321,14.43531,,,2026-03-16 18:04:00,2026-03-16 09:27:00,,back_on_track,BackOnTrack
Bruxelles Midi / Brussel Zuid,Praha hl.n.,InterCity,,,50.08321,14.43531,2026-03-16 19:22:00,2026-03-16 10:45:00,,back_on_track,BackOnTrack
Paris Gare du Nord,Berlin Hbf,InterCity,48.88085,2.3555,52.52508,13.3694,2026-03-16 17:45:00,2026-03-16 09:59:00,,back_on_track,BackOnTrack
Berlin Hbf,Paris Gare du Nord,InterCity,52.52508,13.3694,48.88085,2.3555,2026-03-16 18:31:00,2026-03-16 10:00:00,,back_on_track,BackOnTrack
Amsterdam Centraal,Milano Centrale,InterCity,52.37921,4.90029,45.48727,9.20511,,,,back_on_track,BackOnTrack
Amsterdam Centraal,Milano Centrale,InterCity,52.37921,4.90029,45.48727,9.20511,,,,back_on_track,BackOnTrack
Milano Centrale,Amsterdam Centraal,InterCity,45.48727,9.20511,52.37921,4.90029,,,,back_on_track,BackOnTrack
Milano Centrale,Amsterdam Centraal,InterCity,45.48727,9.20511,52.37921,4.90029,,,,back_on_track,BackOnTrack
Bruxelles Midi / Brussel Zuid,Milano Porta Garibaldi,InterCity,,,45.4846,9.18776,2026-03-16 17:56:00,2026-03-16 11:30:00,,back_on_track,BackOnTrack
Bruxelles Midi / Brussel Zuid,Milano Porta Garibaldi,InterCity,,,45.4846,9.18776,2026-03-16 17:56:00,2026-03-16 11:30:00,,back_on_track,BackOnTrack
Milano Porta Garibaldi,Bruxelles Midi / Brussel Zuid,InterCity,45.4846,9.18776,,,2026-03-16 17:30:00,2026-03-16 11:10:00,,back_on_track,BackOnTrack
Milano Porta Garibaldi,Bruxelles Midi / Brussel Zuid,InterCity,45.4846,9.18776,,,2026-03-16 17:30:00,2026-03-16 11:10:00,,back_on_track,BackOnTrack
Palermo Centrale,Roma Termini,InterCity,38.10942,13.36747,41.90049,12.50279,2026-03-16 18:48:00,2026-03-16 07:18:00,,back_on_track,BackOnTrack
Palermo Centrale,Roma Termini,InterCity,38.10942,13.36747,41.90049,12.50279,2026-03-16 18:48:00,2026-03-16 07:18:00,,back_on_track,BackOnTrack
Palermo Centrale,Roma Termini,InterCity,38.10942,13.36747,41.90049,12.50279,2026-03-16 18:48:00,2026-03-16 07:18:00,,back_on_track,BackOnTrack
Palermo Centrale,Roma Termini,InterCity,38.10942,13.36747,41.90049,12.50279,2026-03-16 18:48:00,2026-03-16 07:18:00,,back_on_track,BackOnTrack
Roma Termini,Palermo Centrale,InterCity,41.90049,12.50279,38.10942,13.36747,2026-03-16 20:31:00,2026-03-16 09:24:00,,back_on_track,BackOnTrack
Roma Termini,Palermo Centrale,InterCity,41.90049,12.50279,38.10942,13.36747,2026-03-16 20:31:00,2026-03-16 09:24:00,,back_on_track,BackOnTrack
Roma Termini,Palermo Centrale,InterCity,41.90049,12.50279,38.10942,13.36747,2026-03-16 20:31:00,2026-03-16 09:24:00,,back_on_track,BackOnTrack
Roma Termini,Palermo Centrale,InterCity,41.90049,12.50279,38.10942,13.36747,2026-03-16 20:31:00,2026-03-16 09:24:00,,back_on_track,BackOnTrack
Palermo Centrale,Roma Termini,InterCity,38.10942,13.36747,41.90049,12.50279,2026-03-16 21:10:00,2026-03-16 09:51:00,,back_on_track,BackOnTrack
Palermo Centrale,Roma Termini,InterCity,38.10942,13.36747,41.90049,12.50279,2026-03-16 21:10:00,2026-03-16 09:51:00,,back_on_track,BackOnTrack
Palermo Centrale,Roma Termini,InterCity,38.10942,13.36747,41.90049,12.50279,2026-03-16 21:10:00,2026-03-16 09:51:00,,back_on_track,BackOnTrack
Palermo Centrale,Roma Termini,InterCity,38.10942,13.36747,41.90049,12.50279,2026-03-16 21:10:00,2026-03-16 09:51:00,,back_on_track,BackOnTrack
Roma Termini,Palermo Centrale,InterCity,41.90049,12.50279,38.10942,13.36747,2026-03-16 23:00:00,2026-03-16 11:57:00,,back_on_track,BackOnTrack
Roma Termini,Palermo Centrale,InterCity,41.90049,12.50279,38.10942,13.36747,2026-03-16 23:00:00,2026-03-16 11:57:00,,back_on_track,BackOnTrack
Roma Termini,Palermo Centrale,InterCity,41.90049,12.50279,38.10942,13.36747,2026-03-16 23:00:00,2026-03-16 11:57:00,,back_on_track,BackOnTrack
Roma Termini,Palermo Centrale,InterCity,41.90049,12.50279,38.10942,13.36747,2026-03-16 23:00:00,2026-03-16 11:57:00,,back_on_track,BackOnTrack
Roma Termini,Siracusa,InterCity,41.90049,12.50279,37.06891,15.28173,2026-03-16 20:31:00,2026-03-16 09:01:00,,back_on_track,BackOnTrack
Roma Termini,Siracusa,InterCity,41.90049,12.50279,37.06891,15.28173,2026-03-16 20:31:00,2026-03-16 09:01:00,,back_on_track,BackOnTrack
Roma Termini,Siracusa,InterCity,41.90049,12.50279,37.06891,15.28173,2026-03-16 20:31:00,2026-03-16 09:01:00,,back_on_track,BackOnTrack
Roma Termini,Siracusa,InterCity,41.90049,12.50279,37.06891,15.28173,2026-03-16 20:31:00,2026-03-16 09:01:00,,back_on_track,BackOnTrack
Siracusa,Roma Termini,InterCity,37.06891,15.28173,41.90049,12.50279,2026-03-16 19:10:00,2026-03-16 07:18:00,,back_on_track,BackOnTrack
Siracusa,Roma Termini,InterCity,37.06891,15.28173,41.90049,12.50279,2026-03-16 19:10:00,2026-03-16 07:18:00,,back_on_track,BackOnTrack
Siracusa,Roma Termini,InterCity,37.06891,15.28173,41.90049,12.50279,2026-03-16 19:10:00,2026-03-16 07:18:00,,back_on_track,BackOnTrack
Siracusa,Roma Termini,InterCity,37.06891,15.28173,41.90049,12.50279,2026-03-16 19:10:00,2026-03-16 07:18:00,,back_on_track,BackOnTrack
Roma Termini,Siracusa,InterCity,41.90049,12.50279,37.06891,15.28173,2026-03-16 23:00:00,2026-03-16 11:29:00,,back_on_track,BackOnTrack
Roma Termini,Siracusa,InterCity,41.90049,12.50279,37.06891,15.28173,2026-03-16 23:00:00,2026-03-16 11:29:00,,back_on_track,BackOnTrack
Roma Termini,Siracusa,InterCity,41.90049,12.50279,37.06891,15.28173,2026-03-16 23:00:00,2026-03-16 11:29:00,,back_on_track,BackOnTrack
Roma Termini,Siracusa,InterCity,41.90049,12.50279,37.06891,15.28173,2026-03-16 23:00:00,2026-03-16 11:29:00,,back_on_track,BackOnTrack
Siracusa,Roma Termini,InterCity,37.06891,15.28173,41.90049,12.50279,2026-03-16 21:45:00,2026-03-16 09:51:00,,back_on_track,BackOnTrack
Siracusa,Roma Termini,InterCity,37.06891,15.28173,41.90049,12.50279,2026-03-16 21:45:00,2026-03-16 09:51:00,,back_on_track,BackOnTrack
Siracusa,Roma Termini,InterCity,37.06891,15.28173,41.90049,12.50279,2026-03-16 21:45:00,2026-03-16 09:51:00,,back_on_track,BackOnTrack
Siracusa,Roma Termini,InterCity,37.06891,15.28173,41.90049,12.50279,2026-03-16 21:45:00,2026-03-16 09:51:00,,back_on_track,BackOnTrack
Siracusa,Milano Centrale,InterCity,37.06891,15.28173,45.48727,9.20511,2026-03-16 13:35:00,2026-03-16 10:10:00,,back_on_track,BackOnTrack
Siracusa,Milano Centrale,InterCity,37.06891,15.28173,45.48727,9.20511,2026-03-16 13:35:00,2026-03-16 10:10:00,,back_on_track,BackOnTrack
Siracusa,Milano Centrale,InterCity,37.06891,15.28173,45.48727,9.20511,2026-03-16 13:35:00,2026-03-16 10:10:00,,back_on_track,BackOnTrack
Siracusa,Milano Centrale,InterCity,37.06891,15.28173,45.48727,9.20511,2026-03-16 13:35:00,2026-03-16 10:10:00,,back_on_track,BackOnTrack
Milano Centrale,Siracusa,InterCity,45.48727,9.20511,37.06891,15.28173,2026-03-16 20:10:00,2026-03-16 15:48:00,,back_on_track,BackOnTrack
Milano Centrale,Siracusa,InterCity,45.48727,9.20511,37.06891,15.28173,2026-03-16 20:10:00,2026-03-16 15:48:00,,back_on_track,BackOnTrack
Milano Centrale,Siracusa,InterCity,45.48727,9.20511,37.06891,15.28173,2026-03-16 20:10:00,2026-03-16 15:48:00,,back_on_track,BackOnTrack
Milano Centrale,Siracusa,InterCity,45.48727,9.20511,37.06891,15.28173,2026-03-16 20:10:00,2026-03-16 15:48:00,,back_on_track,BackOnTrack
Palermo Centrale,Milano Centrale,InterCity,38.10942,13.36747,45.48727,9.20511,2026-03-16 12:58:00,2026-03-16 10:10:00,,back_on_track,BackOnTrack
Palermo Centrale,Milano Centrale,InterCity,38.10942,13.36747,45.48727,9.20511,2026-03-16 12:58:00,2026-03-16 10:10:00,,back_on_track,BackOnTrack
Palermo Centrale,Milano Centrale,InterCity,38.10942,13.36747,45.48727,9.20511,2026-03-16 12:58:00,2026-03-16 10:10:00,,back_on_track,BackOnTrack
Palermo Centrale,Milano Centrale,InterCity,38.10942,13.36747,45.48727,9.20511,2026-03-16 12:58:00,2026-03-16 10:10:00,,back_on_track,BackOnTrack
Milano Centrale,Palermo Centrale,InterCity,45.48727,9.20511,38.10942,13.36747,2026-03-16 20:10:00,2026-03-16 16:55:00,,back_on_track,BackOnTrack
Milano Centrale,Palermo Centrale,InterCity,45.48727,9.20511,38.10942,13.36747,2026-03-16 20:10:00,2026-03-16 16:55:00,,back_on_track,BackOnTrack
Milano Centrale,Palermo Centrale,InterCity,45.48727,9.20511,38.10942,13.36747,2026-03-16 20:10:00,2026-03-16 16:55:00,,back_on_track,BackOnTrack
Milano Centrale,Palermo Centrale,InterCity,45.48727,9.20511,38.10942,13.36747,2026-03-16 20:10:00,2026-03-16 16:55:00,,back_on_track,BackOnTrack
Lecce,Milano Centrale,InterCity,40.34594,18.16583,45.48727,9.20511,2026-03-16 19:50:00,2026-03-16 07:12:00,,back_on_track,BackOnTrack
Lecce,Milano Centrale,InterCity,40.34594,18.16583,45.48727,9.20511,2026-03-16 19:50:00,2026-03-16 07:12:00,,back_on_track,BackOnTrack
Lecce,Milano Centrale,InterCity,40.34594,18.16583,45.48727,9.20511,2026-03-16 19:50:00,2026-03-16 07:12:00,,back_on_track,BackOnTrack
Lecce,Milano Centrale,InterCity,40.34594,18.16583,45.48727,9.20511,2026-03-16 19:50:00,2026-03-16 07:12:00,,back_on_track,BackOnTrack
Milano Centrale,Lecce,InterCity,45.48727,9.20511,40.34594,18.16583,2026-03-16 21:50:00,2026-03-16 09:30:00,,back_on_track,BackOnTrack
Milano Centrale,Lecce,InterCity,45.48727,9.20511,40.34594,18.16583,2026-03-16 21:50:00,2026-03-16 09:30:00,,back_on_track,BackOnTrack
Milano Centrale,Lecce,InterCity,45.48727,9.20511,40.34594,18.16583,2026-03-16 21:50:00,2026-03-16 09:30:00,,back_on_track,BackOnTrack
Milano Centrale,Lecce,InterCity,45.48727,9.20511,40.34594,18.16583,2026-03-16 21:50:00,2026-03-16 09:30:00,,back_on_track,BackOnTrack
Lecce,Torino Lingotto,InterCity,40.34594,18.16583,45.02669,7.65695,2026-03-16 20:25:00,2026-03-16 09:15:00,,back_on_track,BackOnTrack
Lecce,Torino Lingotto,InterCity,40.34594,18.16583,45.02669,7.65695,2026-03-16 20:25:00,2026-03-16 09:15:00,,back_on_track,BackOnTrack
Lecce,Torino Lingotto,InterCity,40.34594,18.16583,45.02669,7.65695,2026-03-16 20:25:00,2026-03-16 09:15:00,,back_on_track,BackOnTrack
Lecce,Torino Lingotto,InterCity,40.34594,18.16583,45.02669,7.65695,2026-03-16 20:25:00,2026-03-16 09:15:00,,back_on_track,BackOnTrack
Torino Lingotto,Lecce,InterCity,45.02669,7.65695,40.34594,18.16583,2026-03-16 20:58:00,2026-03-16 10:10:00,,back_on_track,BackOnTrack
Torino Lingotto,Lecce,InterCity,45.02669,7.65695,40.34594,18.16583,2026-03-16 20:58:00,2026-03-16 10:10:00,,back_on_track,BackOnTrack
Torino Lingotto,Lecce,InterCity,45.02669,7.65695,40.34594,18.16583,2026-03-16 20:58:00,2026-03-16 10:10:00,,back_on_track,BackOnTrack
Torino Lingotto,Lecce,InterCity,45.02669,7.65695,40.34594,18.16583,2026-03-16 20:58:00,2026-03-16 10:10:00,,back_on_track,BackOnTrack
Lecce,Milano Centrale,InterCity,40.34594,18.16583,45.48727,9.20511,2026-03-16 18:31:00,2026-03-16 07:05:00,,back_on_track,BackOnTrack
Lecce,Milano Centrale,InterCity,40.34594,18.16583,45.48727,9.20511,2026-03-16 18:31:00,2026-03-16 07:05:00,,back_on_track,BackOnTrack
Lecce,Milano Centrale,InterCity,40.34594,18.16583,45.48727,9.20511,2026-03-16 18:31:00,2026-03-16 07:05:00,,back_on_track,BackOnTrack
Lecce,Milano Centrale,InterCity,40.34594,18.16583,45.48727,9.20511,2026-03-16 18:31:00,2026-03-16 07:05:00,,back_on_track,BackOnTrack
Milano Centrale,Bari Centrale,InterCity,45.48727,9.20511,41.11807,16.87061,2026-03-16 21:15:00,2026-03-16 07:00:00,,back_on_track,BackOnTrack
Milano Centrale,Bari Centrale,InterCity,45.48727,9.20511,41.11807,16.87061,2026-03-16 21:15:00,2026-03-16 07:00:00,,back_on_track,BackOnTrack
Milano Centrale,Bari Centrale,InterCity,45.48727,9.20511,41.11807,16.87061,2026-03-16 21:15:00,2026-03-16 07:00:00,,back_on_track,BackOnTrack
Milano Centrale,Bari Centrale,InterCity,45.48727,9.20511,41.11807,16.87061,2026-03-16 21:15:00,2026-03-16 07:00:00,,back_on_track,BackOnTrack
Bolzano / Bozen,Roma Termini,InterCity,46.49638,11.35879,41.90049,12.50279,2026-03-16 21:30:00,2026-03-16 06:06:00,,back_on_track,BackOnTrack
Bolzano / Bozen,Roma Termini,InterCity,46.49638,11.35879,41.90049,12.50279,2026-03-16 21:30:00,2026-03-16 06:06:00,,back_on_track,BackOnTrack
Roma Termini,Bolzano / Bozen,InterCity,41.90049,12.50279,46.49638,11.35879,2026-03-16 22:05:00,2026-03-16 06:28:00,,back_on_track,BackOnTrack
Roma Termini,Bolzano / Bozen,InterCity,41.90049,12.50279,46.49638,11.35879,2026-03-16 22:05:00,2026-03-16 06:28:00,,back_on_track,BackOnTrack
Trieste Centrale,Roma Termini,InterCity,45.65788,13.77251,41.90049,12.50279,2026-03-16 19:11:00,2026-03-16 06:35:00,,back_on_track,BackOnTrack
Trieste Centrale,Roma Termini,InterCity,45.65788,13.77251,41.90049,12.50279,2026-03-16 19:11:00,2026-03-16 06:35:00,,back_on_track,BackOnTrack
Trieste Centrale,Roma Termini,InterCity,45.65788,13.77251,41.90049,12.50279,2026-03-16 19:11:00,2026-03-16 06:35:00,,back_on_track,BackOnTrack
Trieste Centrale,Roma Termini,InterCity,45.65788,13.77251,41.90049,12.50279,2026-03-16 19:11:00,2026-03-16 06:35:00,,back_on_track,BackOnTrack
Roma Termini,Trieste Centrale,InterCity,41.90049,12.50279,45.65788,13.77251,2026-03-16 22:35:00,2026-03-16 09:55:00,,back_on_track,BackOnTrack
Roma Termini,Trieste Centrale,InterCity,41.90049,12.50279,45.65788,13.77251,2026-03-16 22:35:00,2026-03-16 09:55:00,,back_on_track,BackOnTrack
Roma Termini,Trieste Centrale,InterCity,41.90049,12.50279,45.65788,13.77251,2026-03-16 22:35:00,2026-03-16 09:55:00,,back_on_track,BackOnTrack
Roma Termini,Trieste Centrale,InterCity,41.90049,12.50279,45.65788,13.77251,2026-03-16 22:35:00,2026-03-16 09:55:00,,back_on_track,BackOnTrack
Lecce,Roma Termini,InterCity,40.34594,18.16583,41.90049,12.50279,2026-03-16 22:15:00,2026-03-16 06:10:00,,back_on_track,BackOnTrack
Lecce,Roma Termini,InterCity,40.34594,18.16583,41.90049,12.50279,2026-03-16 22:15:00,2026-03-16 06:10:00,,back_on_track,BackOnTrack
Lecce,Roma Termini,InterCity,40.34594,18.16583,41.90049,12.50279,2026-03-16 22:15:00,2026-03-16 06:10:00,,back_on_track,BackOnTrack
Lecce,Roma Termini,InterCity,40.34594,18.16583,41.90049,12.50279,2026-03-16 22:15:00,2026-03-16 06:10:00,,back_on_track,BackOnTrack
Roma Termini,Lecce,InterCity,41.90049,12.50279,40.34594,18.16583,2026-03-16 23:58:00,2026-03-16 08:10:00,,back_on_track,BackOnTrack
Roma Termini,Lecce,InterCity,41.90049,12.50279,40.34594,18.16583,2026-03-16 23:58:00,2026-03-16 08:10:00,,back_on_track,BackOnTrack
Roma Termini,Lecce,InterCity,41.90049,12.50279,40.34594,18.16583,2026-03-16 23:58:00,2026-03-16 08:10:00,,back_on_track,BackOnTrack
Roma Termini,Lecce,InterCity,41.90049,12.50279,40.34594,18.16583,2026-03-16 23:58:00,2026-03-16 08:10:00,,back_on_track,BackOnTrack
Reggio Calabria Centrale,Torino Lingotto,InterCity,38.10453,15.63646,45.02669,7.65695,2026-03-16 21:43:00,2026-03-16 14:32:00,,back_on_track,BackOnTrack
Reggio Calabria Centrale,Torino Lingotto,InterCity,38.10453,15.63646,45.02669,7.65695,2026-03-16 21:43:00,2026-03-16 14:32:00,,back_on_track,BackOnTrack
Reggio Calabria Centrale,Torino Lingotto,InterCity,38.10453,15.63646,45.02669,7.65695,2026-03-16 21:43:00,2026-03-16 14:32:00,,back_on_track,BackOnTrack
Reggio Calabria Centrale,Torino Lingotto,InterCity,38.10453,15.63646,45.02669,7.65695,2026-03-16 21:43:00,2026-03-16 14:32:00,,back_on_track,BackOnTrack
Torino Lingotto,Reggio Calabria Centrale,InterCity,45.02669,7.65695,38.10453,15.63646,2026-03-16 15:29:00,2026-03-16 08:45:00,,back_on_track,BackOnTrack
Torino Lingotto,Reggio Calabria Centrale,InterCity,45.02669,7.65695,38.10453,15.63646,2026-03-16 15:29:00,2026-03-16 08:45:00,,back_on_track,BackOnTrack
Torino Lingotto,Reggio Calabria Centrale,InterCity,45.02669,7.65695,38.10453,15.63646,2026-03-16 15:29:00,2026-03-16 08:45:00,,back_on_track,BackOnTrack
Torino Lingotto,Reggio Calabria Centrale,InterCity,45.02669,7.65695,38.10453,15.63646,2026-03-16 15:29:00,2026-03-16 08:45:00,,back_on_track,BackOnTrack
Salerno,Torino Lingotto,InterCity,40.67531,14.77256,45.02669,7.65695,2026-03-16 20:52:00,2026-03-16 10:32:00,,back_on_track,BackOnTrack
Salerno,Torino Lingotto,InterCity,40.67531,14.77256,45.02669,7.65695,2026-03-16 20:52:00,2026-03-16 10:32:00,,back_on_track,BackOnTrack
Torino Lingotto,Salerno,InterCity,45.02669,7.65695,40.67531,14.77256,2026-03-16 20:23:00,2026-03-16 09:11:00,,back_on_track,BackOnTrack
Torino Lingotto,Salerno,InterCity,45.02669,7.65695,40.67531,14.77256,2026-03-16 20:23:00,2026-03-16 09:11:00,,back_on_track,BackOnTrack
Torino Porta Susa,Salerno,InterCity,45.07176,7.66639,40.67531,14.77256,2026-03-16 20:40:00,2026-03-16 09:46:00,,back_on_track,BackOnTrack
Torino Porta Susa,Salerno,InterCity,45.07176,7.66639,40.67531,14.77256,2026-03-16 20:40:00,2026-03-16 09:46:00,,back_on_track,BackOnTrack
Salerno,Torino Porta Susa,InterCity,40.67531,14.77256,45.07176,7.66639,2026-03-16 20:38:00,2026-03-16 09:05:00,,back_on_track,BackOnTrack
Salerno,Torino Porta Susa,InterCity,40.67531,14.77256,45.07176,7.66639,2026-03-16 20:38:00,2026-03-16 09:05:00,,back_on_track,BackOnTrack
Oslo S,Stavanger,InterCity,59.9104,10.755,58.96654,5.7324,2026-03-16 22:25:00,2026-03-16 07:20:00,,back_on_track,BackOnTrack
Oslo S,Stavanger,InterCity,59.9104,10.755,58.96654,5.7324,2026-03-16 22:25:00,2026-03-16 07:20:00,,back_on_track,BackOnTrack
Oslo S,Stavanger,InterCity,59.9104,10.755,58.96654,5.7324,2026-03-16 22:25:00,2026-03-16 07:20:00,,back_on_track,BackOnTrack
Oslo S,Stavanger,InterCity,59.9104,10.755,58.96654,5.7324,2026-03-16 22:25:00,2026-03-16 07:20:00,,back_on_track,BackOnTrack
Stavanger,Oslo S,InterCity,58.96654,5.7324,59.9104,10.755,2026-03-16 22:15:00,2026-03-16 07:26:00,,back_on_track,BackOnTrack
Stavanger,Oslo S,InterCity,58.96654,5.7324,59.9104,10.755,2026-03-16 22:15:00,2026-03-16 07:26:00,,back_on_track,BackOnTrack
Stavanger,Oslo S,InterCity,58.96654,5.7324,59.9104,10.755,2026-03-16 22:15:00,2026-03-16 07:26:00,,back_on_track,BackOnTrack
Stavanger,Oslo S,InterCity,58.96654,5.7324,59.9104,10.755,2026-03-16 22:15:00,2026-03-16 07:26:00,,back_on_track,BackOnTrack
London Paddington,Penzance,EuroNight,51.51686,-0.1769,50.12245,-5.53191,2026-03-16 23:45:00,2026-03-16 07:50:00,,back_on_track,BackOnTrack
Penzance,London Paddington,InterCity,50.12245,-5.53191,51.51686,-0.1769,2026-03-16 21:45:00,2026-03-16 05:08:00,,back_on_track,BackOnTrack
Split,Zagreb Gl. K.,InterCity,43.50489,16.44279,45.80489,15.97961,2026-03-16 21:11:00,2026-03-16 05:49:00,,back_on_track,BackOnTrack
Split,Zagreb Gl. K.,InterCity,43.50489,16.44279,45.80489,15.97961,2026-03-16 21:11:00,2026-03-16 05:49:00,,back_on_track,BackOnTrack
Zagreb Gl. K.,Split,InterCity,45.80489,15.97961,43.50489,16.44279,2026-03-16 22:30:00,2026-03-16 07:01:00,,back_on_track,BackOnTrack
Zagreb Gl. K.,Split,InterCity,45.80489,15.97961,43.50489,16.44279,2026-03-16 22:30:00,2026-03-16 07:01:00,,back_on_track,BackOnTrack
Vukovar,Split,InterCity,45.36362,18.98981,43.50489,16.44279,2026-03-16 16:57:00,2026-03-16 06:51:00,,back_on_track,BackOnTrack
Vukovar,Split,InterCity,45.36362,18.98981,43.50489,16.44279,2026-03-16 16:57:00,2026-03-16 06:51:00,,back_on_track,BackOnTrack
Vukovar,Split,InterCity,45.36362,18.98981,43.50489,16.44279,2026-03-16 16:57:00,2026-03-16 06:51:00,,back_on_track,BackOnTrack
Vukovar,Split,InterCity,45.36362,18.98981,43.50489,16.44279,2026-03-16 16:57:00,2026-03-16 06:51:00,,back_on_track,BackOnTrack
Split,Vukovar,InterCity,43.50489,16.44279,45.36362,18.98981,2026-03-16 21:11:00,2026-03-16 11:11:00,,back_on_track,BackOnTrack
Split,Vukovar,InterCity,43.50489,16.44279,45.36362,18.98981,2026-03-16 21:11:00,2026-03-16 11:11:00,,back_on_track,BackOnTrack
Split,Vukovar,InterCity,43.50489,16.44279,45.36362,18.98981,2026-03-16 21:11:00,2026-03-16 11:11:00,,back_on_track,BackOnTrack
Split,Vukovar,InterCity,43.50489,16.44279,45.36362,18.98981,2026-03-16 21:11:00,2026-03-16 11:11:00,,back_on_track,BackOnTrack
Osijek,Split,InterCity,45.55269,18.68362,43.50489,16.44279,2026-03-16 19:48:00,2026-03-16 09:21:00,,back_on_track,BackOnTrack
Osijek,Split,InterCity,45.55269,18.68362,43.50489,16.44279,2026-03-16 19:48:00,2026-03-16 09:21:00,,back_on_track,BackOnTrack
Osijek,Split,InterCity,45.55269,18.68362,43.50489,16.44279,2026-03-16 19:48:00,2026-03-16 09:21:00,,back_on_track,BackOnTrack
Osijek,Split,InterCity,45.55269,18.68362,43.50489,16.44279,2026-03-16 19:48:00,2026-03-16 09:21:00,,back_on_track,BackOnTrack
Split,Osijek,InterCity,43.50489,16.44279,45.55269,18.68362,2026-03-16 22:23:00,2026-03-16 12:04:00,,back_on_track,BackOnTrack
Split,Osijek,InterCity,43.50489,16.44279,45.55269,18.68362,2026-03-16 22:23:00,2026-03-16 12:04:00,,back_on_track,BackOnTrack
Split,Osijek,InterCity,43.50489,16.44279,45.55269,18.68362,2026-03-16 22:23:00,2026-03-16 12:04:00,,back_on_track,BackOnTrack
Split,Osijek,InterCity,43.50489,16.44279,45.55269,18.68362,2026-03-16 22:23:00,2026-03-16 12:04:00,,back_on_track,BackOnTrack
Zagreb Gl. K.,Stuttgart Hbf,EuroNight,45.80489,15.97961,48.78408,9.18164,2026-03-16 19:38:00,2026-03-16 08:38:00,,back_on_track,BackOnTrack
Stuttgart Hbf,Zagreb Gl. K.,EuroNight,48.78408,9.18164,45.80489,15.97961,2026-03-16 20:29:00,2026-03-16 10:39:00,,back_on_track,BackOnTrack
Zagreb Gl. K.,Zürich HB,EuroNight,45.80489,15.97961,47.37818,8.54021,2026-03-16 19:38:00,2026-03-16 09:20:00,,back_on_track,BackOnTrack
Zagreb Gl. K.,Zürich HB,EuroNight,45.80489,15.97961,47.37818,8.54021,2026-03-16 19:38:00,2026-03-16 09:20:00,,back_on_track,BackOnTrack
Zürich HB,Zagreb Gl. K.,EuroNight,47.37818,8.54021,45.80489,15.97961,2026-03-16 19:40:00,2026-03-16 10:39:00,,back_on_track,BackOnTrack
Zürich HB,Zagreb Gl. K.,EuroNight,47.37818,8.54021,45.80489,15.97961,2026-03-16 19:40:00,2026-03-16 10:39:00,,back_on_track,BackOnTrack
Berlin Hbf,Budapest Nyugati,EuroNight,52.52508,13.3694,47.51133,19.05866,2026-03-16 19:21:00,2026-03-16 08:29:00,,back_on_track,BackOnTrack
Budapest Nyugati,Berlin Hbf,EuroNight,47.51133,19.05866,52.52508,13.3694,2026-03-16 19:30:00,2026-03-16 08:15:00,,back_on_track,BackOnTrack
Budapest Déli,Koper,InterCity,47.50043,19.02466,45.53913,13.73831,2026-03-16 20:30:00,2026-03-16 08:34:00,,back_on_track,BackOnTrack
Budapest Déli,Koper,InterCity,47.50043,19.02466,45.53913,13.73831,2026-03-16 20:30:00,2026-03-16 08:34:00,,back_on_track,BackOnTrack
Koper,Budapest Déli,InterCity,45.53913,13.73831,47.50043,19.02466,2026-03-16 20:15:00,2026-03-16 08:29:00,,back_on_track,BackOnTrack
Koper,Budapest Déli,InterCity,45.53913,13.73831,47.50043,19.02466,2026-03-16 20:15:00,2026-03-16 08:29:00,,back_on_track,BackOnTrack
Budapest Déli,Rijeka,InterCity,47.50043,19.02466,45.33032,14.43111,2026-03-16 20:30:00,2026-03-16 09:25:00,,back_on_track,BackOnTrack
Budapest Déli,Rijeka,InterCity,47.50043,19.02466,45.33032,14.43111,2026-03-16 20:30:00,2026-03-16 09:25:00,,back_on_track,BackOnTrack
Rijeka,Budapest Déli,InterCity,45.33032,14.43111,47.50043,19.02466,2026-03-16 20:50:00,2026-03-16 08:29:00,,back_on_track,BackOnTrack
Rijeka,Budapest Déli,InterCity,45.33032,14.43111,47.50043,19.02466,2026-03-16 20:50:00,2026-03-16 08:29:00,,back_on_track,BackOnTrack
Budapest Keleti,Split,InterCity,47.50059,19.08426,43.50489,16.44279,2026-03-16 18:53:00,2026-03-16 08:56:00,,back_on_track,BackOnTrack
Budapest Keleti,Split,InterCity,47.50059,19.08426,43.50489,16.44279,2026-03-16 18:53:00,2026-03-16 08:56:00,,back_on_track,BackOnTrack
Split,Budapest Keleti,InterCity,43.50489,16.44279,47.50059,19.08426,2026-03-16 18:28:00,2026-03-16 09:12:00,,back_on_track,BackOnTrack
Split,Budapest Keleti,InterCity,43.50489,16.44279,47.50059,19.08426,2026-03-16 18:28:00,2026-03-16 09:12:00,,back_on_track,BackOnTrack
Budapest Keleti,Zürich HB,EuroNight,47.50059,19.08426,47.37818,8.54021,2026-03-16 20:40:00,2026-03-16 08:20:00,,back_on_track,BackOnTrack
Budapest Keleti,Zürich HB,EuroNight,47.50059,19.08426,47.37818,8.54021,2026-03-16 20:40:00,2026-03-16 08:20:00,,back_on_track,BackOnTrack
Zürich HB,Budapest Keleti,EuroNight,47.37818,8.54021,47.50059,19.08426,2026-03-16 20:40:00,2026-03-16 09:19:00,,back_on_track,BackOnTrack
Zürich HB,Budapest Keleti,EuroNight,47.37818,8.54021,47.50059,19.08426,2026-03-16 20:40:00,2026-03-16 09:19:00,,back_on_track,BackOnTrack
Budapest Keleti,Stuttgart Hbf,EuroNight,47.50059,19.08426,48.78408,9.18164,2026-03-16 20:40:00,2026-03-16 08:38:00,,back_on_track,BackOnTrack
Stuttgart Hbf,Budapest Keleti,EuroNight,48.78408,9.18164,47.50059,19.08426,2026-03-16 20:29:00,2026-03-16 09:19:00,,back_on_track,BackOnTrack
Warszawa Wschodnia,Budapest Nyugati,EuroNight,52.25183,21.05204,47.51133,19.05866,2026-03-16 19:37:00,2026-03-16 08:29:00,,back_on_track,BackOnTrack
Warszawa Wschodnia,Budapest Nyugati,EuroNight,52.25183,21.05204,47.51133,19.05866,2026-03-16 19:37:00,2026-03-16 08:29:00,,back_on_track,BackOnTrack
Budapest Nyugati,Warszawa Centralna,EuroNight,47.51133,19.05866,52.22886,21.00323,2026-03-16 19:29:00,2026-03-16 08:51:00,,back_on_track,BackOnTrack
Budapest Nyugati,Warszawa Centralna,EuroNight,47.51133,19.05866,52.22886,21.00323,2026-03-16 19:29:00,2026-03-16 08:51:00,,back_on_track,BackOnTrack
Venezia Santa Lucia,Stuttgart Hbf,Nightjet,45.44139,12.32046,48.78408,9.18164,2026-03-16 21:05:00,2026-03-16 09:26:00,,back_on_track,BackOnTrack
Venezia Santa Lucia,Stuttgart Hbf,Nightjet,45.44139,12.32046,48.78408,9.18164,2026-03-16 21:05:00,2026-03-16 09:26:00,,back_on_track,BackOnTrack
Stuttgart Hbf,Venezia Santa Lucia,Nightjet,48.78408,9.18164,45.44139,12.32046,2026-03-16 20:01:00,2026-03-16 08:34:00,,back_on_track,BackOnTrack
Stuttgart Hbf,Venezia Santa Lucia,Nightjet,48.78408,9.18164,45.44139,12.32046,2026-03-16 20:01:00,2026-03-16 08:34:00,,back_on_track,BackOnTrack
Roma Tiburtina,München Hbf,Nightjet,41.91107,12.53146,48.14161,11.55794,2026-03-16 18:10:00,2026-03-16 09:22:00,,back_on_track,BackOnTrack
Roma Tiburtina,München Hbf,Nightjet,41.91107,12.53146,48.14161,11.55794,2026-03-16 18:10:00,2026-03-16 09:22:00,,back_on_track,BackOnTrack
München Hbf,Roma Termini,Nightjet,48.14161,11.55794,41.90049,12.50279,2026-03-16 20:10:00,2026-03-16 09:10:00,,back_on_track,BackOnTrack
München Hbf,Roma Termini,Nightjet,48.14161,11.55794,41.90049,12.50279,2026-03-16 20:10:00,2026-03-16 09:10:00,,back_on_track,BackOnTrack
Zürich HB,Amsterdam Centraal,Nightjet,47.37818,8.54021,52.37921,4.90029,2026-03-16 21:34:00,2026-03-16 09:44:00,,back_on_track,BackOnTrack
Zürich HB,Amsterdam Centraal,Nightjet,47.37818,8.54021,52.37921,4.90029,2026-03-16 21:34:00,2026-03-16 09:44:00,,back_on_track,BackOnTrack
Amsterdam Centraal,Zürich HB,Nightjet,52.37921,4.90029,47.37818,8.54021,2026-03-16 20:15:00,2026-03-16 08:05:00,,back_on_track,BackOnTrack
Amsterdam Centraal,Zürich HB,Nightjet,52.37921,4.90029,47.37818,8.54021,2026-03-16 20:15:00,2026-03-16 08:05:00,,back_on_track,BackOnTrack
Wien Hbf,Roma Tiburtina,Nightjet,48.1851,16.37711,41.91107,12.53146,2026-03-16 19:18:00,2026-03-16 10:05:00,,back_on_track,BackOnTrack
Wien Hbf,Roma Tiburtina,Nightjet,48.1851,16.37711,41.91107,12.53146,2026-03-16 19:18:00,2026-03-16 10:05:00,,back_on_track,BackOnTrack
Roma Tiburtina,Wien Hbf,Nightjet,41.91107,12.53146,48.1851,16.37711,2026-03-16 18:10:00,2026-03-16 08:52:00,,back_on_track,BackOnTrack
Roma Tiburtina,Wien Hbf,Nightjet,41.91107,12.53146,48.1851,16.37711,2026-03-16 18:10:00,2026-03-16 08:52:00,,back_on_track,BackOnTrack
Venezia Santa Lucia,Wien Hbf,Nightjet,45.44139,12.32046,48.1851,16.37711,2026-03-16 21:05:00,2026-03-16 08:17:00,,back_on_track,BackOnTrack
Venezia Santa Lucia,Wien Hbf,Nightjet,45.44139,12.32046,48.1851,16.37711,2026-03-16 21:05:00,2026-03-16 08:17:00,,back_on_track,BackOnTrack
Wien Hbf,Venezia Santa Lucia,Nightjet,48.1851,16.37711,45.44139,12.32046,2026-03-16 21:39:00,2026-03-16 08:34:00,,back_on_track,BackOnTrack
Wien Hbf,Venezia Santa Lucia,Nightjet,48.1851,16.37711,45.44139,12.32046,2026-03-16 21:39:00,2026-03-16 08:34:00,,back_on_track,BackOnTrack
Innsbruck Hbf,Hamburg Altona,Nightjet,47.26337,11.40111,53.55225,9.93496,2026-03-16 20:46:00,2026-03-16 09:06:00,,back_on_track,BackOnTrack
Hamburg Altona,Innsbruck Hbf,Nightjet,53.55225,9.93496,47.26337,11.40111,2026-03-16 19:56:00,2026-03-16 09:14:00,,back_on_track,BackOnTrack
Amsterdam Centraal,Wien Hbf,Nightjet,52.37921,4.90029,48.1851,16.37711,2026-03-16 18:28:00,2026-03-16 09:17:00,,back_on_track,BackOnTrack
Wien Hbf,Amsterdam Centraal,Nightjet,48.1851,16.37711,52.37921,4.90029,2026-03-16 20:10:00,2026-03-16 09:58:00,,back_on_track,BackOnTrack
Berlin Ostbahnhof,Paris Est,Nightjet,52.51101,13.43461,48.87698,2.35912,2026-03-16 18:55:00,2026-03-16 09:38:00,,back_on_track,BackOnTrack
Berlin Ostbahnhof,Paris Est,Nightjet,52.51101,13.43461,48.87698,2.35912,2026-03-16 18:55:00,2026-03-16 09:38:00,,back_on_track,BackOnTrack
Paris Est,Berlin Hbf,Nightjet,48.87698,2.35912,52.52508,13.3694,2026-03-16 19:12:00,2026-03-16 08:26:00,,back_on_track,BackOnTrack
Paris Est,Berlin Hbf,Nightjet,48.87698,2.35912,52.52508,13.3694,2026-03-16 19:12:00,2026-03-16 08:26:00,,back_on_track,BackOnTrack
Berlin Hbf,Zürich HB,Nightjet,52.52508,13.3694,47.37818,8.54021,2026-03-16 21:03:00,2026-03-16 09:04:00,,back_on_track,BackOnTrack
Berlin Hbf,Zürich HB,Nightjet,52.52508,13.3694,47.37818,8.54021,2026-03-16 21:03:00,2026-03-16 09:04:00,,back_on_track,BackOnTrack
Zürich HB,Berlin Hbf,Nightjet,47.37818,8.54021,52.52508,13.3694,2026-03-16 19:59:00,2026-03-16 07:20:00,,back_on_track,BackOnTrack
Zürich HB,Berlin Hbf,Nightjet,47.37818,8.54021,52.52508,13.3694,2026-03-16 19:59:00,2026-03-16 07:20:00,,back_on_track,BackOnTrack
Innsbruck Hbf,Amsterdam Centraal,Nightjet,47.26337,11.40111,52.37921,4.90029,2026-03-16 20:46:00,2026-03-16 09:58:00,,back_on_track,BackOnTrack
Amsterdam Centraal,Innsbruck Hbf,Nightjet,52.37921,4.90029,47.26337,11.40111,2026-03-16 18:28:00,2026-03-16 09:14:00,,back_on_track,BackOnTrack
Bruxelles Midi / Brussel Zuid,Wien Hbf,Nightjet,,,48.1851,16.37711,2026-03-16 19:06:00,2026-03-16 10:13:00,,back_on_track,BackOnTrack
Wien Hbf,Bruxelles Midi / Brussel Zuid,Nightjet,48.1851,16.37711,,,2026-03-16 18:08:00,2026-03-16 09:56:00,,back_on_track,BackOnTrack
Wien Hbf,Bregenz,Nightjet,48.1851,16.37711,47.503,9.73963,2026-03-16 22:55:00,2026-03-16 08:29:00,,back_on_track,BackOnTrack
Bregenz,Wien Hbf (Autoreisezuganlage),Nightjet,47.503,9.73963,48.1851,16.37711,2026-03-16 21:40:00,2026-03-16 07:04:00,,back_on_track,BackOnTrack
Graz Hbf,Berlin Hbf,Nightjet,47.0723,15.41644,52.52508,13.3694,2026-03-16 19:20:00,2026-03-16 08:14:00,,back_on_track,BackOnTrack
Berlin Hbf,Graz Hbf,Nightjet,52.52508,13.3694,47.0723,15.41644,2026-03-16 19:20:00,2026-03-16 09:59:00,,back_on_track,BackOnTrack
Graz Hbf,Zürich HB,Nightjet,47.0723,15.41644,47.37818,8.54021,2026-03-16 22:25:00,2026-03-16 09:20:00,,back_on_track,BackOnTrack
Graz Hbf,Zürich HB,Nightjet,47.0723,15.41644,47.37818,8.54021,2026-03-16 22:25:00,2026-03-16 09:20:00,,back_on_track,BackOnTrack
Zürich HB,Graz Hbf,Nightjet,47.37818,8.54021,47.0723,15.41644,2026-03-16 20:40:00,2026-03-16 06:58:00,,back_on_track,BackOnTrack
Zürich HB,Graz Hbf,Nightjet,47.37818,8.54021,47.0723,15.41644,2026-03-16 20:40:00,2026-03-16 06:58:00,,back_on_track,BackOnTrack
Zürich HB,Hamburg Altona,Nightjet,47.37818,8.54021,53.55225,9.93496,2026-03-16 20:59:00,2026-03-16 08:09:00,,back_on_track,BackOnTrack
Zürich HB,Hamburg Altona,Nightjet,47.37818,8.54021,53.55225,9.93496,2026-03-16 20:59:00,2026-03-16 08:09:00,,back_on_track,BackOnTrack
Hamburg Altona,Zürich HB,Nightjet,53.55225,9.93496,47.37818,8.54021,2026-03-16 21:52:00,2026-03-16 10:05:00,,back_on_track,BackOnTrack
Hamburg Altona,Zürich HB,Nightjet,53.55225,9.93496,47.37818,8.54021,2026-03-16 21:52:00,2026-03-16 10:05:00,,back_on_track,BackOnTrack
Wien Hbf,Hamburg Altona,Nightjet,48.1851,16.37711,53.55225,9.93496,2026-03-16 20:10:00,2026-03-16 09:06:00,,back_on_track,BackOnTrack
Hamburg Altona,Wien Hbf,Nightjet,53.55225,9.93496,48.1851,16.37711,2026-03-16 19:56:00,2026-03-16 09:17:00,,back_on_track,BackOnTrack
Villach Hbf,Edirne,InterCity,46.61862,13.84854,41.65543,26.5802,2026-03-16 21:59:00,2026-03-16 11:34:00,,back_on_track,BackOnTrack
Edirne,Villach Hbf,InterCity,41.65543,26.5802,46.61862,13.84854,2026-03-16 17:45:00,2026-03-16 08:19:00,,back_on_track,BackOnTrack
Chelm,Świnoujście,InterCity,51.1412,23.49404,53.90482,14.26663,2026-03-16 18:29:00,2026-03-16 06:38:00,,back_on_track,BackOnTrack
Chelm,Świnoujście,InterCity,51.1412,23.49404,53.90482,14.26663,2026-03-16 18:29:00,2026-03-16 06:38:00,,back_on_track,BackOnTrack
Świnoujście,Chelm,InterCity,53.90482,14.26663,51.1412,23.49404,2026-03-16 21:26:00,2026-03-16 09:27:00,,back_on_track,BackOnTrack
Świnoujście,Chelm,InterCity,53.90482,14.26663,51.1412,23.49404,2026-03-16 21:26:00,2026-03-16 09:27:00,,back_on_track,BackOnTrack
Przemyśl Gł.,Świnoujście,EuroNight,49.78366,22.77636,53.90482,14.26663,2026-03-16 18:49:00,2026-03-16 06:38:00,,back_on_track,BackOnTrack
Przemyśl Gł.,Świnoujście,EuroNight,49.78366,22.77636,53.90482,14.26663,2026-03-16 18:49:00,2026-03-16 06:38:00,,back_on_track,BackOnTrack
Świnoujście,Przemyśl Gł.,InterCity,53.90482,14.26663,49.78366,22.77636,2026-03-16 21:26:00,2026-03-16 09:11:00,,back_on_track,BackOnTrack
Świnoujście,Przemyśl Gł.,InterCity,53.90482,14.26663,49.78366,22.77636,2026-03-16 21:26:00,2026-03-16 09:11:00,,back_on_track,BackOnTrack
Zakopane,Świnoujście,InterCity,49.30245,19.96219,53.90482,14.26663,2026-03-16 19:54:00,2026-03-16 09:30:00,,back_on_track,BackOnTrack
Zakopane,Świnoujście,InterCity,49.30245,19.96219,53.90482,14.26663,2026-03-16 19:54:00,2026-03-16 09:30:00,,back_on_track,BackOnTrack
Zakopane,Świnoujście,InterCity,49.30245,19.96219,53.90482,14.26663,2026-03-16 19:54:00,2026-03-16 09:30:00,,back_on_track,BackOnTrack
Zakopane,Świnoujście,InterCity,49.30245,19.96219,53.90482,14.26663,2026-03-16 19:54:00,2026-03-16 09:30:00,,back_on_track,BackOnTrack
Świnoujście,Zakopane,InterCity,53.90482,14.26663,49.30245,19.96219,2026-03-16 18:54:00,2026-03-16 08:25:00,,back_on_track,BackOnTrack
Świnoujście,Zakopane,InterCity,53.90482,14.26663,49.30245,19.96219,2026-03-16 18:54:00,2026-03-16 08:25:00,,back_on_track,BackOnTrack
Świnoujście,Zakopane,InterCity,53.90482,14.26663,49.30245,19.96219,2026-03-16 18:54:00,2026-03-16 08:25:00,,back_on_track,BackOnTrack
Świnoujście,Zakopane,InterCity,53.90482,14.26663,49.30245,19.96219,2026-03-16 18:54:00,2026-03-16 08:25:00,,back_on_track,BackOnTrack
Kraków Gł.,Łeba,InterCity,50.06719,19.94742,54.75691,17.5532,2026-03-16 20:14:00,2026-03-16 08:13:00,,back_on_track,BackOnTrack
Kraków Gł.,Łeba,InterCity,50.06719,19.94742,54.75691,17.5532,2026-03-16 20:14:00,2026-03-16 08:13:00,,back_on_track,BackOnTrack
Łeba,Kraków Gł.,InterCity,54.75691,17.5532,50.06719,19.94742,2026-03-16 21:00:00,2026-03-16 08:48:00,,back_on_track,BackOnTrack
Łeba,Kraków Gł.,InterCity,54.75691,17.5532,50.06719,19.94742,2026-03-16 21:00:00,2026-03-16 08:48:00,,back_on_track,BackOnTrack
Praha hl.n.,Warszawa Wschodnia,EuroNight,50.08321,14.43531,52.25183,21.05204,2026-03-16 22:16:00,2026-03-16 08:23:00,,back_on_track,BackOnTrack
Praha hl.n.,Warszawa Wschodnia,EuroNight,50.08321,14.43531,52.25183,21.05204,2026-03-16 22:16:00,2026-03-16 08:23:00,,back_on_track,BackOnTrack
Warszawa Wschodnia,Praha hl.n.,EuroNight,52.25183,21.05204,50.08321,14.43531,2026-03-16 19:05:00,2026-03-16 07:26:00,,back_on_track,BackOnTrack
Warszawa Wschodnia,Praha hl.n.,EuroNight,52.25183,21.05204,50.08321,14.43531,2026-03-16 19:05:00,2026-03-16 07:26:00,,back_on_track,BackOnTrack
Bielsko-Biała Główna,Kołobrzeg,InterCity,49.82238,19.05838,54.18238,15.57209,2026-03-16 21:25:00,2026-03-16 07:08:00,,back_on_track,BackOnTrack
Bielsko-Biała Główna,Kołobrzeg,InterCity,49.82238,19.05838,54.18238,15.57209,2026-03-16 21:25:00,2026-03-16 07:08:00,,back_on_track,BackOnTrack
Kołobrzeg,Bielsko-Biała Główna,InterCity,54.18238,15.57209,49.82238,19.05838,2026-03-16 21:01:00,2026-03-16 06:48:00,,back_on_track,BackOnTrack
Kołobrzeg,Bielsko-Biała Główna,InterCity,54.18238,15.57209,49.82238,19.05838,2026-03-16 21:01:00,2026-03-16 06:48:00,,back_on_track,BackOnTrack
Warszawa Wschodnia,Szklarska Poręba Górna,InterCity,52.25183,21.05204,50.83167,15.52059,2026-03-16 23:36:00,2026-03-16 07:34:00,,back_on_track,BackOnTrack
Warszawa Wschodnia,Szklarska Poręba Górna,InterCity,52.25183,21.05204,50.83167,15.52059,2026-03-16 23:36:00,2026-03-16 07:34:00,,back_on_track,BackOnTrack
Szklarska Poręba Górna,Warszawa Wschodnia,InterCity,50.83167,15.52059,52.25183,21.05204,2026-03-16 20:18:00,2026-03-16 06:23:00,,back_on_track,BackOnTrack
Szklarska Poręba Górna,Warszawa Wschodnia,InterCity,50.83167,15.52059,52.25183,21.05204,2026-03-16 20:18:00,2026-03-16 06:23:00,,back_on_track,BackOnTrack
Zakopane,Gdynia Gł.,InterCity,49.30245,19.96219,54.52084,18.52956,2026-03-16 21:53:00,2026-03-16 08:40:00,,back_on_track,BackOnTrack
Zakopane,Gdynia Gł.,InterCity,49.30245,19.96219,54.52084,18.52956,2026-03-16 21:53:00,2026-03-16 08:40:00,,back_on_track,BackOnTrack
Gdynia Gł.,Zakopane,InterCity,54.52084,18.52956,49.30245,19.96219,2026-03-16 19:22:00,2026-03-16 06:02:00,,back_on_track,BackOnTrack
Gdynia Gł.,Zakopane,InterCity,54.52084,18.52956,49.30245,19.96219,2026-03-16 19:22:00,2026-03-16 06:02:00,,back_on_track,BackOnTrack
Kraków Gł.,Hel,InterCity,50.06719,19.94742,54.61104,18.80089,2026-03-16 20:14:00,2026-03-16 08:02:00,,back_on_track,BackOnTrack
Kraków Gł.,Hel,InterCity,50.06719,19.94742,54.61104,18.80089,2026-03-16 20:14:00,2026-03-16 08:02:00,,back_on_track,BackOnTrack
Hel,Kraków Gł.,InterCity,54.61104,18.80089,50.06719,19.94742,2026-03-16 21:12:00,2026-03-16 08:51:00,,back_on_track,BackOnTrack
Hel,Kraków Gł.,InterCity,54.61104,18.80089,50.06719,19.94742,2026-03-16 21:12:00,2026-03-16 08:51:00,,back_on_track,BackOnTrack
Kraków Gł.,Kołobrzeg,InterCity,50.06719,19.94742,54.18238,15.57209,2026-03-16 21:33:00,2026-03-16 10:56:00,,back_on_track,BackOnTrack
Kraków Gł.,Kołobrzeg,InterCity,50.06719,19.94742,54.18238,15.57209,2026-03-16 21:33:00,2026-03-16 10:56:00,,back_on_track,BackOnTrack
Kołobrzeg,Kraków Gł.,InterCity,54.18238,15.57209,50.06719,19.94742,2026-03-16 19:05:00,2026-03-16 07:49:00,,back_on_track,BackOnTrack
Kołobrzeg,Kraków Gł.,InterCity,54.18238,15.57209,50.06719,19.94742,2026-03-16 19:05:00,2026-03-16 07:49:00,,back_on_track,BackOnTrack
Bielsko-Biała Gł.,Świnoujście,InterCity,49.83154,19.04941,53.90482,14.26663,2026-03-16 21:25:00,2026-03-16 07:27:00,,back_on_track,BackOnTrack
Bielsko-Biała Gł.,Świnoujście,InterCity,49.83154,19.04941,53.90482,14.26663,2026-03-16 21:25:00,2026-03-16 07:27:00,,back_on_track,BackOnTrack
Świnoujście,Bielsko-Biała Gł.,InterCity,53.90482,14.26663,49.83154,19.04941,2026-03-16 20:25:00,2026-03-16 06:48:00,,back_on_track,BackOnTrack
Świnoujście,Bielsko-Biała Gł.,InterCity,53.90482,14.26663,49.83154,19.04941,2026-03-16 20:25:00,2026-03-16 06:48:00,,back_on_track,BackOnTrack
München Hbf,Przemyśl Gł.,EuroNight,48.14161,11.55794,49.78366,22.77636,2026-03-16 18:35:00,2026-03-16 10:10:00,,back_on_track,BackOnTrack
Przemyśl Gł.,München Hbf,EuroNight,49.78366,22.77636,48.14161,11.55794,2026-03-16 17:51:00,2026-03-16 10:24:00,,back_on_track,BackOnTrack
Praha hl.n.,Gdynia Gł.,InterCity,50.08321,14.43531,54.52084,18.52956,2026-03-16 18:49:00,2026-03-16 05:58:00,,back_on_track,BackOnTrack
Gdynia Gł.,Praha hl.n.,InterCity,54.52084,18.52956,50.08321,14.43531,2026-03-16 21:59:00,2026-03-16 09:14:00,,back_on_track,BackOnTrack
München Hbf,Warszawa Wschodnia,EuroNight,48.14161,11.55794,52.25183,21.05204,2026-03-16 18:35:00,2026-03-16 08:15:00,,back_on_track,BackOnTrack
München Hbf,Warszawa Wschodnia,EuroNight,48.14161,11.55794,52.25183,21.05204,2026-03-16 18:35:00,2026-03-16 08:15:00,,back_on_track,BackOnTrack
Warszawa Wschodnia,München Hbf,EuroNight,52.25183,21.05204,48.14161,11.55794,2026-03-16 19:41:00,2026-03-16 10:24:00,,back_on_track,BackOnTrack
Warszawa Wschodnia,München Hbf,EuroNight,52.25183,21.05204,48.14161,11.55794,2026-03-16 19:41:00,2026-03-16 10:24:00,,back_on_track,BackOnTrack
Bohumín,Hel,InterCity,49.90073,18.35944,54.61104,18.80089,2026-03-16 19:27:00,2026-03-16 07:09:00,,back_on_track,BackOnTrack
Bohumín,Hel,InterCity,49.90073,18.35944,54.61104,18.80089,2026-03-16 19:27:00,2026-03-16 07:09:00,,back_on_track,BackOnTrack
Hel,Bohumín,InterCity,54.61104,18.80089,49.90073,18.35944,2026-03-16 19:23:00,2026-03-16 06:54:00,,back_on_track,BackOnTrack
Hel,Bohumín,InterCity,54.61104,18.80089,49.90073,18.35944,2026-03-16 19:23:00,2026-03-16 06:54:00,,back_on_track,BackOnTrack
Bohumín,Łeba,InterCity,49.90073,18.35944,54.75691,17.5532,2026-03-16 19:27:00,2026-03-16 07:13:00,,back_on_track,BackOnTrack
Bohumín,Łeba,InterCity,49.90073,18.35944,54.75691,17.5532,2026-03-16 19:27:00,2026-03-16 07:13:00,,back_on_track,BackOnTrack
Łeba,Bohumín,InterCity,54.75691,17.5532,49.90073,18.35944,2026-03-16 19:11:00,2026-03-16 06:54:00,,back_on_track,BackOnTrack
Łeba,Bohumín,InterCity,54.75691,17.5532,49.90073,18.35944,2026-03-16 19:11:00,2026-03-16 06:54:00,,back_on_track,BackOnTrack
Chop,Praha hl.n.,InterCity,48.43271,22.20555,50.08321,14.43531,2026-03-16 17:35:00,2026-03-16 05:46:00,,back_on_track,BackOnTrack
Praha hl.n.,Chop,InterCity,50.08321,14.43531,48.43271,22.20555,2026-03-16 21:52:00,2026-03-16 10:34:00,,back_on_track,BackOnTrack
Przemyśl Gł.,Praha hl.n.,InterCity,49.78366,22.77636,50.08321,14.43531,2026-03-16 22:12:00,2026-03-16 08:56:00,,back_on_track,BackOnTrack
Praha hl.n.,Przemyśl Gł.,InterCity,50.08321,14.43531,49.78366,22.77636,2026-03-16 20:56:00,2026-03-16 07:33:00,,back_on_track,BackOnTrack
Stockholm C,Malmö C,InterCity,59.33001,18.05763,55.60944,13.00084,2026-03-16 23:10:00,2026-03-16 06:59:00,,back_on_track,BackOnTrack
Malmö C,Stockholm C,InterCity,55.60944,13.00084,59.33001,18.05763,2026-03-16 22:30:00,2026-03-16 05:50:00,,back_on_track,BackOnTrack
Stockholm C,Berlin Hbf,EuroNight,59.33001,18.05763,52.52508,13.3694,2026-03-16 17:34:00,2026-03-16 09:24:00,,back_on_track,BackOnTrack
Berlin Hbf,Stockholm C,EuroNight,52.52508,13.3694,59.33001,18.05763,2026-03-16 18:34:00,2026-03-16 09:55:00,,back_on_track,BackOnTrack
Stockholm C,Duved,InterCity,59.33001,18.05763,63.38985,12.91755,2026-03-16 22:39:00,2026-03-16 09:17:00,,back_on_track,BackOnTrack
Stockholm C,Duved,InterCity,59.33001,18.05763,63.38985,12.91755,2026-03-16 22:39:00,2026-03-16 09:17:00,,back_on_track,BackOnTrack
Duved,Stockholm C,InterCity,63.38985,12.91755,59.33001,18.05763,2026-03-16 19:01:00,2026-03-16 05:04:00,,back_on_track,BackOnTrack
Duved,Stockholm C,InterCity,63.38985,12.91755,59.33001,18.05763,2026-03-16 19:01:00,2026-03-16 05:04:00,,back_on_track,BackOnTrack
Stockholm C,Umeå C,InterCity,59.33001,18.05763,63.83022,20.26824,2026-03-16 22:39:00,2026-03-16 08:16:00,,back_on_track,BackOnTrack
Umeå C,Stockholm C,InterCity,63.83022,20.26824,59.33001,18.05763,2026-03-16 19:41:00,2026-03-16 05:04:00,,back_on_track,BackOnTrack
Luleå C,Stockholm C,InterCity,65.58417,22.16527,59.33001,18.05763,2026-03-16 17:00:00,2026-03-16 06:35:00,,back_on_track,BackOnTrack
Stockholm C,Luleå C,InterCity,59.33001,18.05763,65.58417,22.16527,2026-03-16 21:55:00,2026-03-16 11:53:00,,back_on_track,BackOnTrack
Luleå C,Stockholm C,InterCity,65.58417,22.16527,59.33001,18.05763,2026-03-16 21:10:00,2026-03-16 10:09:00,,back_on_track,BackOnTrack
Stockholm C,Luleå C,InterCity,59.33001,18.05763,65.58417,22.16527,2026-03-16 18:08:00,2026-03-16 06:44:00,,back_on_track,BackOnTrack
Narvik,Stockholm C,InterCity,68.4417,17.44142,59.33001,18.05763,2026-03-16 15:11:00,2026-03-16 10:09:00,,back_on_track,BackOnTrack
Narvik,Stockholm C,InterCity,68.4417,17.44142,59.33001,18.05763,2026-03-16 15:11:00,2026-03-16 10:09:00,,back_on_track,BackOnTrack
Stockholm C,Narvik,InterCity,59.33001,18.05763,68.4417,17.44142,2026-03-16 18:08:00,2026-03-16 12:40:00,,back_on_track,BackOnTrack
Stockholm C,Narvik,InterCity,59.33001,18.05763,68.4417,17.44142,2026-03-16 18:08:00,2026-03-16 12:40:00,,back_on_track,BackOnTrack
Oslo S,Trondheim,InterCity,59.9104,10.755,63.43628,10.3986,2026-03-16 22:50:00,2026-03-16 06:24:00,,back_on_track,BackOnTrack
Oslo S,Trondheim,InterCity,59.9104,10.755,63.43628,10.3986,2026-03-16 22:50:00,2026-03-16 06:24:00,,back_on_track,BackOnTrack
Trondheim,Oslo S,InterCity,63.43628,10.3986,59.9104,10.755,2026-03-16 23:17:00,2026-03-16 06:50:00,,back_on_track,BackOnTrack
Trondheim,Oslo S,InterCity,63.43628,10.3986,59.9104,10.755,2026-03-16 23:17:00,2026-03-16 06:50:00,,back_on_track,BackOnTrack
Trondheim,Bodø,InterCity,63.43628,10.3986,67.28638,14.39118,2026-03-16 23:05:00,2026-03-16 09:05:00,,back_on_track,BackOnTrack
Trondheim,Bodø,InterCity,63.43628,10.3986,67.28638,14.39118,2026-03-16 23:05:00,2026-03-16 09:05:00,,back_on_track,BackOnTrack
Bodø,Trondheim,InterCity,67.28638,14.39118,63.43628,10.3986,2026-03-16 21:09:00,2026-03-16 07:15:00,,back_on_track,BackOnTrack
Bodø,Trondheim,InterCity,67.28638,14.39118,63.43628,10.3986,2026-03-16 21:09:00,2026-03-16 07:15:00,,back_on_track,BackOnTrack
Toulouse Matabiau,Paris Austerlitz,InterCity,43.61121,1.45369,48.84185,2.36646,2026-03-16 19:44:00,2026-03-16 07:03:00,,back_on_track,BackOnTrack
Toulouse Matabiau,Paris Austerlitz,InterCity,43.61121,1.45369,48.84185,2.36646,2026-03-16 19:44:00,2026-03-16 07:03:00,,back_on_track,BackOnTrack
Toulouse Matabiau,Paris Austerlitz,InterCity,43.61121,1.45369,48.84185,2.36646,2026-03-16 19:44:00,2026-03-16 07:03:00,,back_on_track,BackOnTrack
Toulouse Matabiau,Paris Austerlitz,InterCity,43.61121,1.45369,48.84185,2.36646,2026-03-16 19:44:00,2026-03-16 07:03:00,,back_on_track,BackOnTrack
Paris Austerlitz,Toulouse Matabiau,InterCity,48.84185,2.36646,43.61121,1.45369,2026-03-16 22:13:00,2026-03-16 07:44:00,,back_on_track,BackOnTrack
Paris Austerlitz,Toulouse Matabiau,InterCity,48.84185,2.36646,43.61121,1.45369,2026-03-16 22:13:00,2026-03-16 07:44:00,,back_on_track,BackOnTrack
Paris Austerlitz,Toulouse Matabiau,InterCity,48.84185,2.36646,43.61121,1.45369,2026-03-16 22:13:00,2026-03-16 07:44:00,,back_on_track,BackOnTrack
Paris Austerlitz,Toulouse Matabiau,InterCity,48.84185,2.36646,43.61121,1.45369,2026-03-16 22:13:00,2026-03-16 07:44:00,,back_on_track,BackOnTrack
Tarbes,Paris Austerlitz,InterCity,43.23997,0.06939,48.84185,2.36646,2026-03-16 19:00:00,2026-03-16 07:32:00,,back_on_track,BackOnTrack
Tarbes,Paris Austerlitz,InterCity,43.23997,0.06939,48.84185,2.36646,2026-03-16 19:00:00,2026-03-16 07:32:00,,back_on_track,BackOnTrack
Tarbes,Paris Austerlitz,InterCity,43.23997,0.06939,48.84185,2.36646,2026-03-16 19:00:00,2026-03-16 07:32:00,,back_on_track,BackOnTrack
Tarbes,Paris Austerlitz,InterCity,43.23997,0.06939,48.84185,2.36646,2026-03-16 19:00:00,2026-03-16 07:32:00,,back_on_track,BackOnTrack
Paris Austerlitz,Tarbes,InterCity,48.84185,2.36646,43.23997,0.06939,2026-03-16 21:41:00,2026-03-16 09:37:00,,back_on_track,BackOnTrack
Paris Austerlitz,Tarbes,InterCity,48.84185,2.36646,43.23997,0.06939,2026-03-16 21:41:00,2026-03-16 09:37:00,,back_on_track,BackOnTrack
Paris Austerlitz,Tarbes,InterCity,48.84185,2.36646,43.23997,0.06939,2026-03-16 21:41:00,2026-03-16 09:37:00,,back_on_track,BackOnTrack
Paris Austerlitz,Tarbes,InterCity,48.84185,2.36646,43.23997,0.06939,2026-03-16 21:41:00,2026-03-16 09:37:00,,back_on_track,BackOnTrack
Rodez,Paris Austerlitz,InterCity,44.36277,2.58039,48.84185,2.36646,2026-03-16 22:19:00,2026-03-16 08:32:00,,back_on_track,BackOnTrack
Rodez,Paris Austerlitz,InterCity,44.36277,2.58039,48.84185,2.36646,2026-03-16 22:19:00,2026-03-16 08:32:00,,back_on_track,BackOnTrack
Rodez,Paris Austerlitz,InterCity,44.36277,2.58039,48.84185,2.36646,2026-03-16 22:19:00,2026-03-16 08:32:00,,back_on_track,BackOnTrack
Rodez,Paris Austerlitz,InterCity,44.36277,2.58039,48.84185,2.36646,2026-03-16 22:19:00,2026-03-16 08:32:00,,back_on_track,BackOnTrack
Paris Austerlitz,Rodez,InterCity,48.84185,2.36646,44.36277,2.58039,2026-03-16 19:27:00,2026-03-16 07:08:00,,back_on_track,BackOnTrack
Paris Austerlitz,Rodez,InterCity,48.84185,2.36646,44.36277,2.58039,2026-03-16 19:27:00,2026-03-16 07:08:00,,back_on_track,BackOnTrack
Paris Austerlitz,Rodez,InterCity,48.84185,2.36646,44.36277,2.58039,2026-03-16 19:27:00,2026-03-16 07:08:00,,back_on_track,BackOnTrack
Paris Austerlitz,Rodez,InterCity,48.84185,2.36646,44.36277,2.58039,2026-03-16 19:27:00,2026-03-16 07:08:00,,back_on_track,BackOnTrack
Albi Ville,Paris Austerlitz,InterCity,43.92445,2.13817,48.84185,2.36646,2026-03-16 20:50:00,2026-03-16 08:32:00,,back_on_track,BackOnTrack
Albi Ville,Paris Austerlitz,InterCity,43.92445,2.13817,48.84185,2.36646,2026-03-16 20:50:00,2026-03-16 08:32:00,,back_on_track,BackOnTrack
Paris Austerlitz,Albi Ville,InterCity,48.84185,2.36646,43.92445,2.13817,2026-03-16 19:27:00,2026-03-16 09:02:00,,back_on_track,BackOnTrack
Paris Austerlitz,Albi Ville,InterCity,48.84185,2.36646,43.92445,2.13817,2026-03-16 19:27:00,2026-03-16 09:02:00,,back_on_track,BackOnTrack
Paris Austerlitz,Aurillac,InterCity,48.84185,2.36646,44.9212,2.43623,2026-03-16 19:27:00,2026-03-16 07:35:00,,back_on_track,BackOnTrack
Paris Austerlitz,Aurillac,InterCity,48.84185,2.36646,44.9212,2.43623,2026-03-16 19:27:00,2026-03-16 07:35:00,,back_on_track,BackOnTrack
Paris Austerlitz,Aurillac,InterCity,48.84185,2.36646,44.9212,2.43623,2026-03-16 19:27:00,2026-03-16 07:35:00,,back_on_track,BackOnTrack
Paris Austerlitz,Aurillac,InterCity,48.84185,2.36646,44.9212,2.43623,2026-03-16 19:27:00,2026-03-16 07:35:00,,back_on_track,BackOnTrack
Aurillac,Paris Austerlitz,InterCity,44.9212,2.43623,48.84185,2.36646,2026-03-16 22:41:00,2026-03-16 09:32:00,,back_on_track,BackOnTrack
Aurillac,Paris Austerlitz,InterCity,44.9212,2.43623,48.84185,2.36646,2026-03-16 22:41:00,2026-03-16 09:32:00,,back_on_track,BackOnTrack
Aurillac,Paris Austerlitz,InterCity,44.9212,2.43623,48.84185,2.36646,2026-03-16 22:41:00,2026-03-16 09:32:00,,back_on_track,BackOnTrack
Aurillac,Paris Austerlitz,InterCity,44.9212,2.43623,48.84185,2.36646,2026-03-16 22:41:00,2026-03-16 09:32:00,,back_on_track,BackOnTrack
Latour-de-Carol / La Tor de Querol,Paris Austerlitz,InterCity,,,48.84185,2.36646,2026-03-16 18:48:00,2026-03-16 07:03:00,,back_on_track,BackOnTrack
Latour-de-Carol / La Tor de Querol,Paris Austerlitz,InterCity,,,48.84185,2.36646,2026-03-16 18:48:00,2026-03-16 07:03:00,,back_on_track,BackOnTrack
Paris Austerlitz,Latour-de-Carol / La Tor de Querol,InterCity,48.84185,2.36646,,,2026-03-16 21:40:00,2026-03-16 10:07:00,,back_on_track,BackOnTrack
Paris Austerlitz,Latour-de-Carol / La Tor de Querol,InterCity,48.84185,2.36646,,,2026-03-16 21:40:00,2026-03-16 10:07:00,,back_on_track,BackOnTrack
Paris Austerlitz,Cerbère,InterCity,48.84185,2.36646,42.44277,3.16553,2026-03-16 20:10:00,2026-03-16 09:16:00,,back_on_track,BackOnTrack
Paris Austerlitz,Cerbère,InterCity,48.84185,2.36646,42.44277,3.16553,2026-03-16 20:10:00,2026-03-16 09:16:00,,back_on_track,BackOnTrack
Paris Austerlitz,Cerbère,InterCity,48.84185,2.36646,42.44277,3.16553,2026-03-16 20:10:00,2026-03-16 09:16:00,,back_on_track,BackOnTrack
Paris Austerlitz,Cerbère,InterCity,48.84185,2.36646,42.44277,3.16553,2026-03-16 20:10:00,2026-03-16 09:16:00,,back_on_track,BackOnTrack
Cerbère,Paris Austerlitz,InterCity,42.44277,3.16553,48.84185,2.36646,2026-03-16 18:53:00,2026-03-16 08:50:00,,back_on_track,BackOnTrack
Cerbère,Paris Austerlitz,InterCity,42.44277,3.16553,48.84185,2.36646,2026-03-16 18:53:00,2026-03-16 08:50:00,,back_on_track,BackOnTrack
Cerbère,Paris Austerlitz,InterCity,42.44277,3.16553,48.84185,2.36646,2026-03-16 18:53:00,2026-03-16 08:50:00,,back_on_track,BackOnTrack
Cerbère,Paris Austerlitz,InterCity,42.44277,3.16553,48.84185,2.36646,2026-03-16 18:53:00,2026-03-16 08:50:00,,back_on_track,BackOnTrack
Paris Austerlitz,Nice Ville,InterCity,48.84185,2.36646,43.70484,7.26197,2026-03-16 20:51:00,2026-03-16 09:25:00,,back_on_track,BackOnTrack
Paris Austerlitz,Nice Ville,InterCity,48.84185,2.36646,43.70484,7.26197,2026-03-16 20:51:00,2026-03-16 09:25:00,,back_on_track,BackOnTrack
Nice Ville,Paris Austerlitz,InterCity,43.70484,7.26197,48.84185,2.36646,2026-03-16 17:55:00,2026-03-16 08:08:00,,back_on_track,BackOnTrack
Nice Ville,Paris Austerlitz,InterCity,43.70484,7.26197,48.84185,2.36646,2026-03-16 17:55:00,2026-03-16 08:08:00,,back_on_track,BackOnTrack
Paris Austerlitz,Briançon,InterCity,48.84185,2.36646,44.88961,6.63263,2026-03-16 20:51:00,2026-03-16 08:21:00,,back_on_track,BackOnTrack
Paris Austerlitz,Briançon,InterCity,48.84185,2.36646,44.88961,6.63263,2026-03-16 20:51:00,2026-03-16 08:21:00,,back_on_track,BackOnTrack
Paris Austerlitz,Briançon,InterCity,48.84185,2.36646,44.88961,6.63263,2026-03-16 20:51:00,2026-03-16 08:21:00,,back_on_track,BackOnTrack
Paris Austerlitz,Briançon,InterCity,48.84185,2.36646,44.88961,6.63263,2026-03-16 20:51:00,2026-03-16 08:21:00,,back_on_track,BackOnTrack
Briançon,Paris Austerlitz,InterCity,44.88961,6.63263,48.84185,2.36646,2026-03-16 19:58:00,2026-03-16 08:08:00,,back_on_track,BackOnTrack
Briançon,Paris Austerlitz,InterCity,44.88961,6.63263,48.84185,2.36646,2026-03-16 19:58:00,2026-03-16 08:08:00,,back_on_track,BackOnTrack
Briançon,Paris Austerlitz,InterCity,44.88961,6.63263,48.84185,2.36646,2026-03-16 19:58:00,2026-03-16 08:08:00,,back_on_track,BackOnTrack
Briançon,Paris Austerlitz,InterCity,44.88961,6.63263,48.84185,2.36646,2026-03-16 19:58:00,2026-03-16 08:08:00,,back_on_track,BackOnTrack
Stockholm C,Berlin Hbf,InterCity,59.33001,18.05763,52.52508,13.3694,2026-03-16 16:20:00,2026-03-16 07:46:00,,back_on_track,BackOnTrack
Berlin Hbf,Stockholm C,InterCity,52.52508,13.3694,59.33001,18.05763,2026-03-16 21:10:00,2026-03-16 13:20:00,,back_on_track,BackOnTrack
Innsbruck Hbf,Malmö C,InterCity,47.26337,11.40111,55.60944,13.00084,2026-03-16 18:00:00,2026-03-16 16:21:00,,back_on_track,BackOnTrack
Malmö C,Innsbruck Hbf,InterCity,55.60944,13.00084,47.26337,11.40111,2026-03-16 14:40:00,2026-03-16 13:00:00,,back_on_track,BackOnTrack
Malmö C,Storlien,InterCity,55.60944,13.00084,63.31589,12.10065,2026-03-16 16:35:00,2026-03-16 08:55:00,,back_on_track,BackOnTrack
Malmö C,Storlien,InterCity,55.60944,13.00084,63.31589,12.10065,2026-03-16 16:35:00,2026-03-16 08:55:00,,back_on_track,BackOnTrack
Malmö C,Storlien,InterCity,55.60944,13.00084,63.31589,12.10065,2026-03-16 16:35:00,2026-03-16 08:55:00,,back_on_track,BackOnTrack
Storlien,Malmö C,InterCity,63.31589,12.10065,55.60944,13.00084,2026-03-16 15:25:00,2026-03-16 07:15:00,,back_on_track,BackOnTrack
Storlien,Malmö C,InterCity,63.31589,12.10065,55.60944,13.00084,2026-03-16 15:25:00,2026-03-16 07:15:00,,back_on_track,BackOnTrack
Storlien,Malmö C,InterCity,63.31589,12.10065,55.60944,13.00084,2026-03-16 15:25:00,2026-03-16 07:15:00,,back_on_track,BackOnTrack
Malmö C,Duved,InterCity,55.60944,13.00084,63.38985,12.91755,2026-03-16 17:15:00,2026-03-16 08:20:00,,back_on_track,BackOnTrack
Malmö C,Duved,InterCity,55.60944,13.00084,63.38985,12.91755,2026-03-16 17:15:00,2026-03-16 08:20:00,,back_on_track,BackOnTrack
Duved,Malmö C,InterCity,63.38985,12.91755,55.60944,13.00084,2026-03-16 18:30:00,2026-03-16 08:55:00,,back_on_track,BackOnTrack
Duved,Malmö C,InterCity,63.38985,12.91755,55.60944,13.00084,2026-03-16 18:30:00,2026-03-16 08:55:00,,back_on_track,BackOnTrack
İstanbul Halkalı,Sofia,InterCity,41.01849,28.76616,,,2026-03-16 20:00:00,2026-03-16 11:48:00,,back_on_track,BackOnTrack
Sofia,İstanbul Halkalı,InterCity,,,41.01849,28.76616,2026-03-16 18:50:00,2026-03-16 09:56:00,,back_on_track,BackOnTrack
İstanbul Halkalı,București Nord,InterCity,41.01849,28.76616,44.44677,26.07441,2026-03-16 20:00:00,2026-03-16 17:08:00,,back_on_track,BackOnTrack
București Nord,İstanbul Halkalı,InterCity,44.44677,26.07441,41.01849,28.76616,2026-03-16 10:50:00,2026-03-16 06:34:00,,back_on_track,BackOnTrack
Ankara,İstanbul Halkalı,InterCity,39.93498,32.84395,41.01849,28.76616,2026-03-16 22:00:00,2026-03-16 07:27:00,,back_on_track,BackOnTrack
İstanbul Halkalı,Ankara,InterCity,41.01849,28.76616,39.93498,32.84395,2026-03-16 22:00:00,2026-03-16 06:37:00,,back_on_track,BackOnTrack
Ankara,İzmir Basmane,InterCity,39.93498,32.84395,38.42271,27.14408,2026-03-16 20:00:00,2026-03-16 10:01:00,,back_on_track,BackOnTrack
İzmir Basmane,Ankara,InterCity,38.42271,27.14408,39.93498,32.84395,2026-03-16 19:05:00,2026-03-16 09:07:00,,back_on_track,BackOnTrack
Ankara,Kars,InterCity,39.93498,32.84395,40.60528,43.10639,2026-03-16 18:00:00,2026-03-16 20:26:00,,back_on_track,BackOnTrack
Kars,Ankara,InterCity,40.60528,43.10639,39.93498,32.84395,2026-03-16 08:00:00,2026-03-16 10:27:00,,back_on_track,BackOnTrack
Ankara,Tatvan,InterCity,39.93498,32.84395,38.50882,42.2762,2026-03-16 11:20:00,2026-03-16 13:57:00,,back_on_track,BackOnTrack
Tatvan,Ankara,InterCity,38.50882,42.2762,39.93498,32.84395,2026-03-16 10:25:00,2026-03-16 12:45:00,,back_on_track,BackOnTrack
Ankara,Kurtalan,InterCity,39.93498,32.84395,37.92809,41.69722,2026-03-16 11:20:00,2026-03-16 14:10:00,,back_on_track,BackOnTrack
Kurtalan,Ankara,InterCity,37.92809,41.69722,39.93498,32.84395,2026-03-16 09:20:00,2026-03-16 12:45:00,,back_on_track,BackOnTrack
Ankara,Malatya,InterCity,39.93498,32.84395,38.3768,38.32295,2026-03-16 19:10:00,2026-03-16 11:09:00,,back_on_track,BackOnTrack
Malatya,Ankara,InterCity,38.3768,38.32295,39.93498,32.84395,2026-03-16 15:30:00,2026-03-16 07:24:00,,back_on_track,BackOnTrack
İzmir Basmane,Konya,InterCity,38.42271,27.14408,47.60088,21.23744,2026-03-16 20:05:00,2026-03-16 09:11:00,,back_on_track,BackOnTrack
Konya,İzmir Basmane,InterCity,47.60088,21.23744,38.42271,27.14408,2026-03-16 19:00:00,2026-03-16 08:05:00,,back_on_track,BackOnTrack
Villach Hbf,Hamburg Altona,InterCity,46.61862,13.84854,53.55225,9.93496,2026-03-16 19:06:00,2026-03-16 09:37:00,,back_on_track,BackOnTrack
Hamburg Altona,Villach Hbf,InterCity,53.55225,9.93496,46.61862,13.84854,2026-03-16 19:00:00,2026-03-16 08:38:00,,back_on_track,BackOnTrack
Innsbruck Hbf,Hamburg Altona,InterCity,47.26337,11.40111,53.55225,9.93496,2026-03-16 21:00:00,2026-03-16 08:26:00,,back_on_track,BackOnTrack
Hamburg Altona,Innsbruck Hbf,InterCity,53.55225,9.93496,47.26337,11.40111,2026-03-16 20:14:00,2026-03-16 08:23:00,,back_on_track,BackOnTrack
München Ost,Hamburg Altona,InterCity,48.12756,11.60539,53.55225,9.93496,2026-03-16 21:49:00,2026-03-16 07:36:00,,back_on_track,BackOnTrack
Hamburg Altona,München Ost,InterCity,53.55225,9.93496,48.12756,11.60539,2026-03-16 21:32:00,2026-03-16 07:20:00,,back_on_track,BackOnTrack
Lörrach Hbf,Hamburg Altona,InterCity,47.61389,7.66499,53.55225,9.93496,2026-03-16 20:36:00,2026-03-16 07:35:00,,back_on_track,BackOnTrack
Hamburg Altona,Lörrach Hbf,InterCity,53.55225,9.93496,47.61389,7.66499,2026-03-16 21:32:00,2026-03-16 08:05:00,,back_on_track,BackOnTrack
Innsbruck Hbf,Düsseldorf Hbf,InterCity,47.26337,11.40111,51.2212,6.79271,2026-03-16 21:00:00,2026-03-16 07:45:00,,back_on_track,BackOnTrack
Düsseldorf Hbf,Innsbruck Hbf,InterCity,51.2212,6.79271,47.26337,11.40111,2026-03-16 20:43:00,2026-03-16 08:23:00,,back_on_track,BackOnTrack
Villach Hbf,Düsseldorf Hbf,InterCity,46.61862,13.84854,51.2212,6.79271,2026-03-16 19:06:00,2026-03-16 08:39:00,,back_on_track,BackOnTrack
Düsseldorf Hbf,Villach Hbf,InterCity,51.2212,6.79271,46.61862,13.84854,2026-03-16 19:53:00,2026-03-16 08:38:00,,back_on_track,BackOnTrack
Kharkiv,Ivano-Frankivsk,InterCity,,,,,2026-03-16 18:34:00,2026-03-16 11:27:00,,back_on_track,BackOnTrack
Ivano-Frankivsk,Kharkiv,InterCity,,,,,2026-03-16 17:29:00,2026-03-16 22:45:00,,back_on_track,BackOnTrack
Uzhhorod,Dnipro Holovny,InterCity,,,,,2026-03-16 16:40:00,2026-03-16 13:00:00,,back_on_track,BackOnTrack
Dnipro Holovny,Uzhhorod,InterCity,,,,,2026-03-16 20:00:00,2026-03-16 14:54:00,,back_on_track,BackOnTrack
Yasinia,Zaporizhzhia 1,InterCity,,,,,2026-03-16 13:05:00,2026-03-16 10:40:00,,back_on_track,BackOnTrack
Zaporizhzhia 1,Yasinia,InterCity,,,,,2026-03-16 13:50:00,2026-03-16 12:11:00,,back_on_track,BackOnTrack
Kyiv Pasazhyrskyi,Chernivtsi,InterCity,,,,,2026-03-16 22:00:00,2026-03-16 09:23:00,,back_on_track,BackOnTrack
Chernivtsi,Kyiv Pasazhyrskyi,InterCity,,,,,2026-03-16 19:37:00,2026-03-16 08:28:00,,back_on_track,BackOnTrack
Kharkiv,Odesa Holovna,InterCity,,,,,2026-03-16 20:03:00,2026-03-16 06:42:00,,back_on_track,BackOnTrack
Odesa Holovna,Kharkiv,InterCity,,,,,2026-03-16 22:30:00,2026-03-16 09:18:00,,back_on_track,BackOnTrack
Kyiv Pasazhyrskyi,Budapest Keleti,InterCity,,,47.50059,19.08426,2026-03-16 09:43:00,2026-03-16 06:00:00,,back_on_track,BackOnTrack
Budapest Keleti,Kyiv Pasazhyrskyi,InterCity,47.50059,19.08426,,,2026-03-16 22:40:00,2026-03-16 19:54:00,,back_on_track,BackOnTrack
Lviv,Odesa Holovna,InterCity,,,,,2026-03-16 21:08:00,2026-03-16 07:59:00,,back_on_track,BackOnTrack
Odesa Holovna,Lviv,InterCity,,,,,2026-03-16 21:15:00,2026-03-16 06:18:00,,back_on_track,BackOnTrack
Kyiv Pasazhyrskyi,Solotvyno,InterCity,,,,,2026-03-16 16:29:00,2026-03-16 10:58:00,,back_on_track,BackOnTrack
Solotvyno,Kyiv Pasazhyrskyi,InterCity,,,,,2026-03-16 14:56:00,2026-03-16 09:24:00,,back_on_track,BackOnTrack
Kharkiv,Vorokhta,InterCity,,,,,2026-03-16 14:10:00,2026-03-16 09:47:00,,back_on_track,BackOnTrack
Vorokhta,Kharkiv,InterCity,,,,,2026-03-16 12:43:00,2026-03-16 07:15:00,,back_on_track,BackOnTrack
Kharkiv,Uzhhorod,InterCity,,,,,2026-03-16 14:10:00,2026-03-16 10:34:00,,back_on_track,BackOnTrack
Uzhhorod,Kharkiv,InterCity,,,,,2026-03-16 13:50:00,2026-03-16 09:30:00,,back_on_track,BackOnTrack
Kyiv Pasazhyrskyi,Chelm,InterCity,,,51.1412,23.49404,2026-03-16 19:06:00,2026-03-16 05:00:00,,back_on_track,BackOnTrack
Chelm,Kyiv Pasazhyrskyi,InterCity,51.1412,23.49404,,,2026-03-16 23:10:00,2026-03-16 22:45:00,,back_on_track,BackOnTrack
Kharkiv,Lviv,InterCity,,,,,2026-03-16 19:26:00,2026-03-16 11:18:00,,back_on_track,BackOnTrack
Lviv,Kharkiv,InterCity,,,,,2026-03-16 15:49:00,2026-03-16 07:46:00,,back_on_track,BackOnTrack
Kyiv Pasazhyrskyi,Chelm,InterCity,,,51.1412,23.49404,2026-03-16 21:30:00,2026-03-16 08:08:00,,back_on_track,BackOnTrack
Chelm,Kyiv Pasazhyrskyi,InterCity,51.1412,23.49404,,,2026-03-16 20:14:00,2026-03-16 08:16:00,,back_on_track,BackOnTrack
Kyiv Pasazhyrskyi,Uzhhorod,InterCity,,,,,2026-03-16 20:20:00,2026-03-16 08:27:00,,back_on_track,BackOnTrack
Uzhhorod,Kyiv Pasazhyrskyi,InterCity,,,,,2026-03-16 19:07:00,2026-03-16 08:28:00,,back_on_track,BackOnTrack
Przemyśl Gł.,Zaporizhzhia 1,InterCity,49.78366,22.77636,,,2026-03-16 19:16:00,2026-03-16 15:14:00,,back_on_track,BackOnTrack
Zaporizhzhia 1,Przemyśl Gł.,InterCity,,,49.78366,22.77636,2026-03-16 13:50:00,2026-03-16 20:19:00,,back_on_track,BackOnTrack
Odesa Holovna,Przemyśl Gł.,InterCity,,,49.78366,22.77636,2026-03-16 21:15:00,2026-03-16 11:20:00,,back_on_track,BackOnTrack
Przemyśl Gł.,Odesa Holovna,InterCity,49.78366,22.77636,,,2026-03-16 16:20:00,2026-03-16 07:59:00,,back_on_track,BackOnTrack
Uzhhorod,Odesa Holovna,InterCity,,,,,2026-03-16 20:17:00,2026-03-16 13:03:00,,back_on_track,BackOnTrack
Odesa Holovna,Uzhhorod,InterCity,,,,,2026-03-16 17:04:00,2026-03-16 10:56:00,,back_on_track,BackOnTrack
Kyiv Pasazhyrskyi,Zaporizhzhia 1,InterCity,,,,,2026-03-16 22:13:00,2026-03-16 07:22:00,,back_on_track,BackOnTrack
Zaporizhzhia 1,Kyiv Pasazhyrskyi,InterCity,,,,,2026-03-16 20:29:00,2026-03-16 05:52:00,,back_on_track,BackOnTrack
Dnipro Holovny,Truskavets,InterCity,,,,,2026-03-16 16:46:00,2026-03-16 12:35:00,,back_on_track,BackOnTrack
Truskavets,Dnipro Holovny,InterCity,,,,,2026-03-16 13:33:00,2026-03-16 09:08:00,,back_on_track,BackOnTrack
Ivano-Frankivsk,Cherkasy,InterCity,,,,,2026-03-16 19:08:00,2026-03-16 11:17:00,,back_on_track,BackOnTrack
Cherkasy,Ivano-Frankivsk,InterCity,,,,,2026-03-16 15:17:00,2026-03-16 08:10:00,,back_on_track,BackOnTrack
Kyiv Pasazhyrskyi,Truskavets,InterCity,,,,,2026-03-16 21:47:00,2026-03-16 08:00:00,,back_on_track,BackOnTrack
Truskavets,Kyiv Pasazhyrskyi,InterCity,,,,,2026-03-16 20:58:00,2026-03-16 06:51:00,,back_on_track,BackOnTrack
Kyiv Pasazhyrskyi,Przemyśl Gł.,InterCity,,,49.78366,22.77636,2026-03-16 20:05:00,2026-03-16 05:00:00,,back_on_track,BackOnTrack
Przemyśl Gł.,Kyiv Pasazhyrskyi,InterCity,49.78366,22.77636,,,2026-03-16 22:30:00,2026-03-16 09:18:00,,back_on_track,BackOnTrack
Dnipro Holovny,Odesa Holovna,InterCity,,,,,2026-03-16 21:03:00,2026-03-16 08:19:00,,back_on_track,BackOnTrack
Odesa Holovna,Dnipro Holovny,InterCity,,,,,2026-03-16 21:05:00,2026-03-16 08:56:00,,back_on_track,BackOnTrack
Kyiv Pasazhyrskyi,Rakhiv,InterCity,,,,,2026-03-16 16:29:00,2026-03-16 07:50:00,,back_on_track,BackOnTrack
Rakhiv,Kyiv Pasazhyrskyi,InterCity,,,,,2026-03-16 17:13:00,2026-03-16 09:24:00,,back_on_track,BackOnTrack
Kyiv Pasazhyrskyi,Chop,InterCity,,,48.43271,22.20555,2026-03-16 20:28:00,2026-03-16 12:48:00,,back_on_track,BackOnTrack
Chop,Kyiv Pasazhyrskyi,InterCity,48.43271,22.20555,,,2026-03-16 14:58:00,2026-03-16 09:42:00,,back_on_track,BackOnTrack
Kharkiv,Przemyśl Gł.,InterCity,,,49.78366,22.77636,2026-03-16 22:52:00,2026-03-16 16:59:00,,back_on_track,BackOnTrack
Przemyśl Gł.,Kharkiv,InterCity,49.78366,22.77636,,,2026-03-16 10:41:00,2026-03-16 05:56:00,,back_on_track,BackOnTrack
Kharkiv,Uman,InterCity,,,,,2026-03-16 18:13:00,2026-03-16 09:03:00,,back_on_track,BackOnTrack
Uman,Kharkiv,InterCity,,,,,2026-03-16 17:39:00,2026-03-16 09:20:00,,back_on_track,BackOnTrack
Kyiv Pasazhyrskyi,Warszawa Zachodnia,InterCity,,,52.21998,20.9653,2026-03-16 19:06:00,2026-03-16 09:53:00,,back_on_track,BackOnTrack
Kyiv Pasazhyrskyi,Warszawa Zachodnia,InterCity,,,52.21998,20.9653,2026-03-16 19:06:00,2026-03-16 09:53:00,,back_on_track,BackOnTrack
Warszawa Zachodnia,Kyiv Pasazhyrskyi,InterCity,52.21998,20.9653,,,2026-03-16 18:15:00,2026-03-16 10:45:00,,back_on_track,BackOnTrack
Warszawa Zachodnia,Kyiv Pasazhyrskyi,InterCity,52.21998,20.9653,,,2026-03-16 18:15:00,2026-03-16 10:45:00,,back_on_track,BackOnTrack
Przemyśl Gł.,Kremenchuk,InterCity,49.78366,22.77636,,,2026-03-16 16:20:00,2026-03-16 12:23:00,,back_on_track,BackOnTrack
Kremenchuk,Przemyśl Gł.,InterCity,,,49.78366,22.77636,2026-03-16 17:37:00,2026-03-16 11:20:00,,back_on_track,BackOnTrack
Kharkiv,Przemyśl Gł.,InterCity,,,49.78366,22.77636,2026-03-16 13:32:00,2026-03-16 11:16:00,,back_on_track,BackOnTrack
Przemyśl Gł.,Kharkiv,InterCity,49.78366,22.77636,,,2026-03-16 13:45:00,2026-03-16 13:53:00,,back_on_track,BackOnTrack
Kyiv Pasazhyrskyi,Kryvyi Rih,InterCity,,,,,2026-03-16 20:13:00,2026-03-16 05:57:00,,back_on_track,BackOnTrack
Kryvyi Rih,Kyiv Pasazhyrskyi,InterCity,,,,,2026-03-16 20:57:00,2026-03-16 06:26:00,,back_on_track,BackOnTrack
Kovel,Odesa Holovna,InterCity,,,,,2026-03-16 17:35:00,2026-03-16 09:08:00,,back_on_track,BackOnTrack
Odesa Holovna,Kovel,InterCity,,,,,2026-03-16 17:03:00,2026-03-16 09:31:00,,back_on_track,BackOnTrack
Dnipro Holovny,Lviv,InterCity,,,,,2026-03-16 22:09:00,2026-03-16 12:59:00,,back_on_track,BackOnTrack
Lviv,Dnipro Holovny,InterCity,,,,,2026-03-16 15:03:00,2026-03-16 06:06:00,,back_on_track,BackOnTrack
Kyiv Pasazhyrskyi,Uzhhorod,InterCity,,,,,2026-03-16 18:35:00,2026-03-16 10:59:00,,back_on_track,BackOnTrack
Uzhhorod,Kyiv Pasazhyrskyi,InterCity,,,,,2026-03-16 16:17:00,2026-03-16 08:32:00,,back_on_track,BackOnTrack
Lviv,Zaporizhzhia 1,InterCity,,,,,2026-03-16 10:48:00,2026-03-16 06:30:00,,back_on_track,BackOnTrack
Zaporizhzhia 1,Lviv,InterCity,,,,,2026-03-16 18:48:00,2026-03-16 14:15:00,,back_on_track,BackOnTrack
Kovel,Zaporizhzhia 1,InterCity,,,,,2026-03-16 17:35:00,2026-03-16 13:43:00,,back_on_track,BackOnTrack
Zaporizhzhia 1,Kovel,InterCity,,,,,2026-03-16 16:30:00,2026-03-16 13:40:00,,back_on_track,BackOnTrack
Kyiv Pasazhyrskyi,Lviv,InterCity,,,,,2026-03-16 22:57:00,2026-03-16 06:33:00,,back_on_track,BackOnTrack
Lviv,Kyiv Pasazhyrskyi,InterCity,,,,,2026-03-16 23:05:00,2026-03-16 06:19:00,,back_on_track,BackOnTrack
Kharkiv,Chelm,InterCity,,,51.1412,23.49404,2026-03-16 13:32:00,2026-03-16 11:05:00,,back_on_track,BackOnTrack
Chelm,Kharkiv,InterCity,51.1412,23.49404,,,2026-03-16 16:42:00,2026-03-16 13:53:00,,back_on_track,BackOnTrack
Kyiv Pasazhyrskyi,Rakhiv,InterCity,,,,,2026-03-16 20:38:00,2026-03-16 09:25:00,,back_on_track,BackOnTrack
Rakhiv,Kyiv Pasazhyrskyi,InterCity,,,,,2026-03-16 21:14:00,2026-03-16 10:57:00,,back_on_track,BackOnTrack
Kyiv Pasazhyrskyi,Kovel,InterCity,,,,,2026-03-16 23:10:00,2026-03-16 08:53:00,,back_on_track,BackOnTrack
Kovel,Kyiv Pasazhyrskyi,InterCity,,,,,2026-03-16 19:15:00,2026-03-16 05:57:00,,back_on_track,BackOnTrack
Kyiv Pasazhyrskyi,București Nord,InterCity,,,44.44677,26.07441,2026-03-16 06:30:00,2026-03-16 06:47:00,,back_on_track,BackOnTrack
București Nord,Kyiv Pasazhyrskyi,InterCity,44.44677,26.07441,,,2026-03-16 19:10:00,2026-03-16 19:37:00,,back_on_track,BackOnTrack
Kyiv Pasazhyrskyi,Odesa Holovna,InterCity,,,,,2026-03-16 22:08:00,2026-03-16 06:13:00,,back_on_track,BackOnTrack
Odesa Holovna,Kyiv Pasazhyrskyi,InterCity,,,,,2026-03-16 22:05:00,2026-03-16 07:50:00,,back_on_track,BackOnTrack
Kherson,Lviv,InterCity,,,,,2026-03-16 13:35:00,2026-03-16 10:23:00,,back_on_track,BackOnTrack
Lviv,Kherson,InterCity,,,,,2026-03-16 16:03:00,2026-03-16 12:50:00,,back_on_track,BackOnTrack
Lviv,Izyum,InterCity,,,,,2026-03-16 15:30:00,2026-03-16 11:15:00,,back_on_track,BackOnTrack
Izyum,Lviv,InterCity,,,,,2026-03-16 18:29:00,2026-03-16 13:39:00,,back_on_track,BackOnTrack
Kharkiv,Lviv,InterCity,,,,,2026-03-16 07:50:00,2026-03-16 09:11:00,,back_on_track,BackOnTrack
Lviv,Kharkiv,InterCity,,,,,2026-03-16 17:11:00,2026-03-16 19:26:00,,back_on_track,BackOnTrack
Kherson,Kyiv Pasazhyrskyi,InterCity,,,,,2026-03-16 16:40:00,2026-03-16 09:20:00,,back_on_track,BackOnTrack
Kyiv Pasazhyrskyi,Kherson,InterCity,,,,,2026-03-16 21:08:00,2026-03-16 08:33:00,,back_on_track,BackOnTrack
Lviv,Zaporizhzhia 1,InterCity,,,,,2026-03-16 13:58:00,2026-03-16 15:36:00,,back_on_track,BackOnTrack
Zaporizhzhia 1,Lviv Pidzamche,InterCity,,,,,2026-03-16 09:50:00,2026-03-16 12:24:00,,back_on_track,BackOnTrack
Chernivtsi,Odesa Holovna,InterCity,,,,,2026-03-16 14:57:00,2026-03-16 08:26:00,,back_on_track,BackOnTrack
Odesa Holovna,Chernivtsi,InterCity,,,,,2026-03-16 18:19:00,2026-03-16 11:23:00,,back_on_track,BackOnTrack
Kyiv Pasazhyrskyi,Kamianets-Podilskyi,InterCity,,,,,2026-03-16 23:32:00,2026-03-16 08:36:00,,back_on_track,BackOnTrack
Kamianets-Podilskyi,Kyiv Pasazhyrskyi,InterCity,,,,,2026-03-16 20:12:00,2026-03-16 05:20:00,,back_on_track,BackOnTrack
Ivano-Frankivsk,Chernihiv,InterCity,,,,,2026-03-16 14:44:00,2026-03-16 07:54:00,,back_on_track,BackOnTrack
Chernihiv,Ivano-Frankivsk,InterCity,,,,,2026-03-16 21:18:00,2026-03-16 13:20:00,,back_on_track,BackOnTrack
Sumy,Rakhiv,InterCity,,,,,2026-03-16 19:01:00,2026-03-16 19:10:00,,back_on_track,BackOnTrack
Rakhiv,Sumy,InterCity,,,,,2026-03-16 09:54:00,2026-03-16 09:56:00,,back_on_track,BackOnTrack
Poltava,Chernivtsi,InterCity,,,,,2026-03-16 17:24:00,2026-03-16 12:25:00,,back_on_track,BackOnTrack
Chernivtsi,Poltava,InterCity,,,,,2026-03-16 14:32:00,2026-03-16 09:37:00,,back_on_track,BackOnTrack
Ivano-Frankivsk,Dnipro Holovny,InterCity,,,,,2026-03-16 12:43:00,2026-03-16 09:25:00,,back_on_track,BackOnTrack
Dnipro Holovny,Ivano-Frankivsk,InterCity,,,,,2026-03-16 14:35:00,2026-03-16 11:22:00,,back_on_track,BackOnTrack
Kramatorsk,Odesa Holovna,InterCity,,,,,2026-03-16 17:32:00,2026-03-16 13:04:00,,back_on_track,BackOnTrack
Odesa Holovna,Kramatorsk,InterCity,,,,,2026-03-16 20:58:00,2026-03-16 16:45:00,,back_on_track,BackOnTrack
Yasinia,Kryvyi Rih,InterCity,,,,,2026-03-16 13:28:00,2026-03-16 10:34:00,,back_on_track,BackOnTrack
Kryvyi Rih,Yasinia,InterCity,,,,,2026-03-16 11:02:00,2026-03-16 10:06:00,,back_on_track,BackOnTrack
Kyiv Pasazhyrskyi,Yasinia,InterCity,,,,,2026-03-16 20:37:00,2026-03-16 13:25:00,,back_on_track,BackOnTrack
Yasinia,Kyiv Pasazhyrskyi,InterCity,,,,,2026-03-16 14:04:00,2026-03-16 07:47:00,,back_on_track,BackOnTrack
Kyiv Pasazhyrskyi,Chişinău,InterCity,,,47.01287,28.86019,2026-03-16 18:06:00,2026-03-16 11:53:00,,back_on_track,BackOnTrack
Chişinău,Kyiv Pasazhyrskyi,InterCity,47.01287,28.86019,,,2026-03-16 17:42:00,2026-03-16 11:17:00,,back_on_track,BackOnTrack
Wien Westbf,Kyiv Pasazhyrskyi,InterCity,48.1968,16.3377,,,2026-03-16 18:30:00,2026-03-16 16:58:00,,back_on_track,BackOnTrack
Kyiv Pasazhyrskyi,Wien Hbf,InterCity,,,48.1851,16.37711,2026-03-16 13:05:00,2026-03-16 08:53:00,,back_on_track,BackOnTrack
Helsinki / Helsingfors,Kemijärvi,InterCity,,,66.72411,27.40363,2026-03-16 19:29:00,2026-03-16 08:50:00,,back_on_track,BackOnTrack
Kemijärvi,Helsinki / Helsingfors,InterCity,66.72411,27.40363,,,2026-03-16 19:00:00,2026-03-16 09:15:00,,back_on_track,BackOnTrack
Rovaniemi,Helsinki / Helsingfors,InterCity,66.49809,25.70537,,,2026-03-16 17:52:00,2026-03-16 06:27:00,,back_on_track,BackOnTrack
Helsinki / Helsingfors,Rovaniemi,InterCity,,,66.49809,25.70537,2026-03-16 23:13:00,2026-03-16 11:03:00,,back_on_track,BackOnTrack
Rovaniemi,Turku satama / Åbo hamn,InterCity,66.49809,25.70537,,,2026-03-16 17:52:00,2026-03-16 07:52:00,,back_on_track,BackOnTrack
Turku satama / Åbo hamn,Rovaniemi,InterCity,,,66.49809,25.70537,2026-03-16 20:20:00,2026-03-16 10:59:00,,back_on_track,BackOnTrack
Helsinki / Helsingfors,Kolari,InterCity,,,67.34896,23.83575,2026-03-16 20:24:00,2026-03-16 10:55:00,,back_on_track,BackOnTrack
Helsinki / Helsingfors,Kolari,InterCity,,,67.34896,23.83575,2026-03-16 20:24:00,2026-03-16 10:55:00,,back_on_track,BackOnTrack
Kolari,Helsinki / Helsingfors,InterCity,67.34896,23.83575,,,2026-03-16 19:42:00,2026-03-16 10:34:00,,back_on_track,BackOnTrack
Kolari,Helsinki / Helsingfors,InterCity,67.34896,23.83575,,,2026-03-16 19:42:00,2026-03-16 10:34:00,,back_on_track,BackOnTrack
Oslo S,Bergen,InterCity,59.9104,10.755,60.39026,5.33354,2026-03-16 23:03:00,2026-03-16 06:23:00,,back_on_track,BackOnTrack
Oslo S,Bergen,InterCity,59.9104,10.755,60.39026,5.33354,2026-03-16 23:03:00,2026-03-16 06:23:00,,back_on_track,BackOnTrack
Oslo S,Bergen,InterCity,59.9104,10.755,60.39026,5.33354,2026-03-16 23:03:00,2026-03-16 06:23:00,,back_on_track,BackOnTrack
Oslo S,Bergen,InterCity,59.9104,10.755,60.39026,5.33354,2026-03-16 23:03:00,2026-03-16 06:23:00,,back_on_track,BackOnTrack
Bergen,Oslo S,InterCity,60.39026,5.33354,59.9104,10.755,2026-03-16 23:01:00,2026-03-16 06:27:00,,back_on_track,BackOnTrack
Bergen,Oslo S,InterCity,60.39026,5.33354,59.9104,10.755,2026-03-16 23:01:00,2026-03-16 06:27:00,,back_on_track,BackOnTrack
Bergen,Oslo S,InterCity,60.39026,5.33354,59.9104,10.755,2026-03-16 23:01:00,2026-03-16 06:27:00,,back_on_track,BackOnTrack
Bergen,Oslo S,InterCity,60.39026,5.33354,59.9104,10.755,2026-03-16 23:01:00,2026-03-16 06:27:00,,back_on_track,BackOnTrack
Zemun,Bar,InterCity,44.85313,20.3687,42.08724,19.10525,2026-03-16 19:35:00,2026-03-16 06:54:00,,back_on_track,BackOnTrack
Zemun,Bar,InterCity,44.85313,20.3687,42.08724,19.10525,2026-03-16 19:35:00,2026-03-16 06:54:00,,back_on_track,BackOnTrack
Bar,Zemun,InterCity,42.08724,19.10525,44.85313,20.3687,2026-03-16 20:10:00,2026-03-16 07:25:00,,back_on_track,BackOnTrack
Bar,Zemun,InterCity,42.08724,19.10525,44.85313,20.3687,2026-03-16 20:10:00,2026-03-16 07:25:00,,back_on_track,BackOnTrack
Humenné,Bratislava hl.st.,InterCity,48.93017,21.90117,48.15891,17.10647,2026-03-16 21:51:00,2026-03-16 05:33:00,,back_on_track,BackOnTrack
Humenné,Bratislava hl.st.,InterCity,48.93017,21.90117,48.15891,17.10647,2026-03-16 21:51:00,2026-03-16 05:33:00,,back_on_track,BackOnTrack
Bratislava hl.st.,Humenné,InterCity,48.15891,17.10647,48.93017,21.90117,2026-03-16 22:55:00,2026-03-16 07:29:00,,back_on_track,BackOnTrack
Bratislava hl.st.,Humenné,InterCity,48.15891,17.10647,48.93017,21.90117,2026-03-16 22:55:00,2026-03-16 07:29:00,,back_on_track,BackOnTrack
Humenné,Praha hl.n.,EuroNight,48.93017,21.90117,50.08321,14.43531,2026-03-16 19:31:00,2026-03-16 07:46:00,,back_on_track,BackOnTrack
Humenné,Praha hl.n.,EuroNight,48.93017,21.90117,50.08321,14.43531,2026-03-16 19:31:00,2026-03-16 07:46:00,,back_on_track,BackOnTrack
Praha hl.n.,Humenné,EuroNight,50.08321,14.43531,48.93017,21.90117,2026-03-16 22:16:00,2026-03-16 10:29:00,,back_on_track,BackOnTrack
Praha hl.n.,Humenné,EuroNight,50.08321,14.43531,48.93017,21.90117,2026-03-16 22:16:00,2026-03-16 10:29:00,,back_on_track,BackOnTrack
Split,Bratislava Nové Mesto,EuroNight,43.50489,16.44279,48.17193,17.14648,2026-03-16 17:29:00,2026-03-16 11:00:00,,back_on_track,BackOnTrack
Split,Bratislava Nové Mesto,EuroNight,43.50489,16.44279,48.17193,17.14648,2026-03-16 17:29:00,2026-03-16 11:00:00,,back_on_track,BackOnTrack
Bratislava Nové Mesto,Split,EuroNight,48.17193,17.14648,43.50489,16.44279,2026-03-16 15:26:00,2026-03-16 08:20:00,,back_on_track,BackOnTrack
Bratislava Nové Mesto,Split,EuroNight,48.17193,17.14648,43.50489,16.44279,2026-03-16 15:26:00,2026-03-16 08:20:00,,back_on_track,BackOnTrack
